Nom_fichier	Numéro_Phrase	Dynamique	Segment_Annoté	axe_temp	absolu	Type
2005-Siza_CE_Oct23.xml	111	la Baixa de Lisbonne, entièrement reconstruite	après le tremblement de terre de 1755	pas	oui	dur
2005-Siza_CE_Oct23.xml	119	L’intervention au Chiado	après l’incendie de 1988	pas	oui	dur
2005-Siza_CE_Oct23.xml	120	l’intervention du XVIIIe siècle	du XVIIIe siècle	pas		
2005-Siza_CE_Oct23.xml	121	mal construites	souvent			
2005-Siza_CE_Oct23.xml	144	n’importe quelle intervention	Aujourd’hui	pres		
2005-Siza_CE_Oct23.xml	187	seront occupés	successivement	fut		
2005-Siza_CE_Oct23.xml	200	son développement aux XVIIIe et XIXe siècles	aux XVIIIe et XIXe siècles	pas		dur
2005-Siza_CE_Oct23.xml	222	cette transformation	dans les années 1970	pas	oui	dur
2005-Siza_CE_Oct23.xml	260	la transformation antérieure	antérieure	pas		
2005-Siza_CE_Oct23.xml	278	des transformations en cours	en cours			
2003-Corajoud_CE_Oct23.xml	82	Réalisé	dans les mêmes années	pas		dur
2003-Corajoud_CE_Oct23.xml	99	Les travaux du parc ont commencé	en 1982	pas	oui	
2003-Corajoud_CE_Oct23.xml	100	ne sont toujours pas terminés	Après vingt ans	pres		
2003-Corajoud_CE_Oct23.xml	109	travaux réalisés en plusieurs tranches	à partir de 1983	pas	oui	dur
2003-Corajoud_CE_Oct23.xml	109	neuf tranches actuellement réalisées	actuellement	pres		
2003-Corajoud_CE_Oct23.xml	112	donner leur forme effective aux différents espaces	à terme			
2003-Corajoud_CE_Oct23.xml	133	se développent	à terme			
2003-Corajoud_CE_Oct23.xml	149	s’est organisée	Jusqu’à la dernière guerre	pas		dur
2003-Corajoud_CE_Oct23.xml	155	des configurations urbaines futures	futures	fut		
2003-Corajoud_CE_Oct23.xml	157	l’avenir des murs	l’avenir	fut		
2003-Corajoud_CE_Oct23.xml	187	commence, pour six ans, le projet urbain des huit cents hectares de la Plaine Saint-Denis	En 1993	pas	oui	
2003-Corajoud_CE_Oct23.xml	187	commence, pour six ans, le projet urbain des huit cents hectares de la Plaine Saint-Denis	pour six ans	pas		dur
2003-Corajoud_CE_Oct23.xml	193	Urbaniser la Plaine	au XIXe siècle	pas		dur
2003-Corajoud_CE_Oct23.xml	202	a, depuis toujours, composé les villes	depuis toujours	pas		dur
2003-Corajoud_CE_Oct23.xml	209	un avenir pour la Plaine	avenir	fut		
2003-Corajoud_CE_Oct23.xml	225	produisait sans cesse des culs-de-sac bornés	sans cesse	pas		iter
2003-Corajoud_CE_Oct23.xml	233	fut éventrée	en 1960	pas	oui	
2003-Corajoud_CE_Oct23.xml	235	veut implanter le Stade de France	En 1987	pas	oui	
2003-Corajoud_CE_Oct23.xml	255	réaliser un jardin	depuis longtemps	pas		dur
2003-Corajoud_CE_Oct23.xml	269	les premiers travaux de la transformation des quais de la rive gauche de Bordeaux	actuellement	pas		pres
2003-Corajoud_CE_Oct23.xml	270	chantier	Il nous reste quatre ou cinq ans	fut		dur
2003-Corajoud_CE_Oct23.xml	280	restera	pour toujours	fut		dur
2003-Corajoud_CE_Oct23.xml	356	ont modelé et configuré ce paysage	divers temps			
2022-Boutté_CE_Oct23.xml	30	le logement de qualité de demain	demain	fut		
2022-Boutté_CE_Oct23.xml	50	sa mise en œuvre	dans la durée	fut		dur
2022-Boutté_CE_Oct23.xml	152	figer lors du concours une forme urbaine et des espaces publics	lors du concours			
2022-Boutté_CE_Oct23.xml	153	concevoir une forme urbaine	deux petits mois			
2022-Boutté_CE_Oct23.xml	174	le projet de la rue Frémicourt	Au début des années 2010	pas	oui	
2022-Boutté_CE_Oct23.xml	192	projets imaginés	au début des années 2010	pas	oui	
2022-Boutté_CE_Oct23.xml	193	concevoir des bâtiments bas carbone	pour 2012	pas	oui	
2022-Boutté_CE_Oct23.xml	199	perdurera	près de cinquante années après le départ du baron de son poste de préfet	pas		dur
2022-Boutté_CE_Oct23.xml	199	un impact massif sur une métropole	dans une fenêtre historique qui reste relativement étroite	pas		dur
2022-Boutté_CE_Oct23.xml	200	sa tabula rasa	dans les années 1920	pas	oui	dur
2022-Boutté_CE_Oct23.xml	233	l’actuel épaississement des bâtiments	l’actuel	pres		dur
2022-Boutté_CE_Oct23.xml	319	l’industrialisation de la construction	au sortir de la Seconde Guerre mondiale	pas		
2022-Boutté_CE_Oct23.xml	322	la construction d’alors	d’alors	pas		dur
2022-Boutté_CE_Oct23.xml	395	pari sur l’avenir	l’avenir	fut		
2022-Boutté_CE_Oct23.xml	399	Une première expérience à grande échelle	menée en 2007	pas	oui	
2022-Boutté_CE_Oct23.xml	445	imaginant la ville apaisée	post-Covid	fut		
2022-Boutté_CE_Oct23.xml	503	qualifions les vides	après des années de sur-optimisation environnementale des pleins			
2022-Boutté_CE_Oct23.xml	510	la ville de demain	demain	fut		
2022-Boutté_CE_Oct23.xml	522	Une première expérience à la grande échelle	en 2007	pas	oui	
2022-Boutté_CE_Oct23.xml	567	futur quartier de Bercy-Charenton	futur	fut		
2022-Boutté_CE_Oct23.xml	588	planification urbaine et territoriale	près d’un demi-siècle	pas		dur
2022-Boutté_CE_Oct23.xml	588	dessiner une métropole complète	en six mois de temps			dur
2022-Boutté_CE_Oct23.xml	615	la future cité	future	fut		
2022-Boutté_CE_Oct23.xml	768	Le projet Saussure, érigé en 2014	en 2014	pas	oui	
2022-Boutté_CE_Oct23.xml	869	les facteurs d’évolution	futur	fut		
2022-Boutté_CE_Oct23.xml	869	son développement futur	futur	fut		
1965-SDAURP_CE_Oct23_GP.xml	9	sans cesse grandissantes	depuis un siècle	pas		dur
1965-SDAURP_CE_Oct23_GP.xml	10	tombaient les fortifications de Thiers	en 1925	pas	oui	
1965-SDAURP_CE_Oct23_GP.xml	20	vinrent suspendre pendant plus de dix années toute possibilité de réalisation notable en matière d'urbanisme	pendant plus de dix années	pas		dur
1965-SDAURP_CE_Oct23_GP.xml	37	l'avenir de la région parisienne	l'avenir	fut		
1965-SDAURP_CE_Oct23_GP.xml	40	l'avenirl'avenir de la région parisienne	l'avenir	fut		
1965-SDAURP_CE_Oct23_GP.xml	46	"Devenir de Paris"	Devenir	fut		
1965-SDAURP_CE_Oct23_GP.xml	77	Préparer la région de Paris à son avenir	son avenir	fut		
1965-SDAURP_CE_Oct23_GP.xml	108	la fin de la décentralisation entreprise	il y a une dizaine d'années	pas		
1965-SDAURP_CE_Oct23_GP.xml	133	La croissance de Paris	entre 1985 et 2000	fut	oui	dur
1965-SDAURP_CE_Oct23_GP.xml	155	auraient en moyenne plus que doublé	De 1962 à 2000	fut	oui	dur
1965-SDAURP_CE_Oct23_GP.xml	161	CROISSANCE DES MÉTROPOLES D’ÉQUILIBRE	1954- 1962	pas	oui	dur
1965-SDAURP_CE_Oct23_GP.xml	199	un triplement	en trente-cinq ans	fut		dur
1965-SDAURP_CE_Oct23_GP.xml	212	CROISSANCE DES AGGLOMÉRATIONS IMPORTANTES DU BASSIN PARISIEN	1954-1962	pas	oui	dur
1965-SDAURP_CE_Oct23_GP.xml	221	CROISSANCE DES AGGLOMÉRATIONS MOYENNES DU BASSIN PARISIEN	1954- 1962	pas	oui	dur
1965-SDAURP_CE_Oct23_GP.xml	280	leur essor	des années récentes	pas		dur
1965-SDAURP_CE_Oct23_GP.xml	280	vont tripler	en moins de quarante ans	fut		dur
1965-SDAURP_CE_Oct23_GP.xml	281	auront d'ici là préparé leur ville, ou plutôt leur agglomération et dans certains cas leur région urbaine toute entière	d'ici là	fut		
1965-SDAURP_CE_Oct23_GP.xml	313	les usines et les bureaux construits	aujourd'hui	pres		dur
1965-SDAURP_CE_Oct23_GP.xml	314	bâtiments construits	avant 1880	pas		dur
1965-SDAURP_CE_Oct23_GP.xml	314	existent encore	aujourd'hui	pres		dur
1965-SDAURP_CE_Oct23_GP.xml	338	seront construits	d'ici la fin du siècle	fut		dur
1965-SDAURP_CE_Oct23_GP.xml	338	seraient reconstruits	d'ici la fin du siècle	fut		dur
1965-SDAURP_CE_Oct23_GP.xml	435	l'avenir de l'agglomération	l'avenir	fut		
1965-SDAURP_CE_Oct23_GP.xml	441	peut être réalisé aisément et à coût normal	aujourd'hui	pres		
1965-SDAURP_CE_Oct23_GP.xml	452	les poussées de la ville	depuis 1840	pas		dur
1965-SDAURP_CE_Oct23_GP.xml	478	Tracer le schéma directeur du Paris de demain	demain	fut		
1965-SDAURP_CE_Oct23_GP.xml	479	ont déjà étendue	depuis Haussmann	pas		dur
1965-SDAURP_CE_Oct23_GP.xml	479	successivement franchies	depuis Haussmann	pas		dur
1965-SDAURP_CE_Oct23_GP.xml	479	a toujours grandi	toujours	pas		dur
1965-SDAURP_CE_Oct23_GP.xml	507	en formeront huit	demain	fut		
1965-SDAURP_CE_Oct23_GP.xml	571	ont été construits	depuis la fin de la guerre	pas		dur
1965-SDAURP_CE_Oct23_GP.xml	573	construits	depuis la guerre	pas		dur
1965-SDAURP_CE_Oct23_GP.xml	575	Les constructions n'ont en effet repris	qu'à partir de ce moment	pas		
1965-SDAURP_CE_Oct23_GP.xml	575	13.000 logements terminés	en 1953	pas	oui	
1965-SDAURP_CE_Oct23_GP.xml	577	aura construit, depuis 1953, plus d'un million de logements	depuis 1953	pas		dur
1965-SDAURP_CE_Oct23_GP.xml	578	aura bâti un autre Paris	en quinze ans			dur
1965-SDAURP_CE_Oct23_GP.xml	599	se colmatent	Progressivement			dur
1965-SDAURP_CE_Oct23_GP.xml	602	Les constructions réalisées	depuis la guerre	pas		dur
1965-SDAURP_CE_Oct23_GP.xml	603	l'agrandissement	tout au long des siècles	pas		dur
1965-SDAURP_CE_Oct23_GP.xml	604	le comblement des espaces interstitiels	enfin			
1965-SDAURP_CE_Oct23_GP.xml	606	demeurent libres	pour le moment	pres		dur
1965-SDAURP_CE_Oct23_GP.xml	607	deux ou trois zones déjà construites	déjà	pas		
1965-SDAURP_CE_Oct23_GP.xml	608	le rythme de construction à soutenir	pendant de nombreuses années	fut		dur
1965-SDAURP_CE_Oct23_GP.xml	617	n'est guère possible de conserver longtemps des terres agricoles presqu'enclavées dans la ville	longtemps			dur
1965-SDAURP_CE_Oct23_GP.xml	647	50.000 logements à détruire	en 1965	futur	oui	
1965-SDAURP_CE_Oct23_GP.xml	649	90 opérations d'importance fort variable étaient en cours	au 1er janvier 1965		oui	
1965-SDAURP_CE_Oct23_GP.xml	663	Un doublement de cette cadence	au terme des cinq années à venir	fut		
1965-SDAURP_CE_Oct23_GP.xml	667	réserver en temps voulu les parcelles de terrains	en temps voulu			
1965-SDAURP_CE_Oct23_GP.xml	667	la réalisation ultérieure de ces équipements	ultérieure	fut		
1965-SDAURP_CE_Oct23_GP.xml	705	Les grands ensembles construits	depuis la guerre	pas		dur
1965-SDAURP_CE_Oct23_GP.xml	705	ont submergé les environs, boisés ou cultivés	au cours des années qui ont suivi la première guerre mondiale	pas		dur
1965-SDAURP_CE_Oct23_GP.xml	707	ont été - à raison de 20 logements à l'hectare en moyenne - couverts de pavillons	En dix années environ	pas		dur
1965-SDAURP_CE_Oct23_GP.xml	714	la zone construite	à l'époque	pas		
1965-SDAURP_CE_Oct23_GP.xml	727	GROUPES DE LOGEMENTS CONSTRUITS	DE 1939 A 1964	pas	oui	dur
1965-SDAURP_CE_Oct23_GP.xml	730	GROUPES DE LOGEMENTS CONSTRUITS	DE 1939 A 1964	pas	oui	dur
1965-SDAURP_CE_Oct23_GP.xml	759	s'implantent	encore trop souvent	pres		
1965-SDAURP_CE_Oct23_GP.xml	769	une stagnation	de plusieurs décennies	pas		dur
1965-SDAURP_CE_Oct23_GP.xml	769	a fait démarrer de grands travaux d'équipement public	dès 1960	pas	oui	dur
1965-SDAURP_CE_Oct23_GP.xml	785	IMPLANTATION RÉCENTE D'ACTIVITÉS ET DE GRANDS ÉQUIPEMENTS	RÉCENTE	pas		
1965-SDAURP_CE_Oct23_GP.xml	786	IMPLANTATION RÉCENTE D'ACTIVITÉS ET DE GRANDS ÉQUIPEMENTS	RÉCENTE	pas		
1965-SDAURP_CE_Oct23_GP.xml	795	sont à localiser	chaque année	fut		iter
1965-SDAURP_CE_Oct23_GP.xml	795	plus de 1.200.000 logements en dix ans, soit l'équivalent d'une autre ville de Paris à construire	en dix ans	fut		dur
1965-SDAURP_CE_Oct23_GP.xml	807	ses extensions	à venir	fut		
1965-SDAURP_CE_Oct23_GP.xml	816	L'urbanisme pratiqué	depuis la guerre	pas		dur
1965-SDAURP_CE_Oct23_GP.xml	830	s'accroît	tous les trois ans			iter
1965-SDAURP_CE_Oct23_GP.xml	833	l'enceinte dite des Fermiers Généraux construite	peu avant la Révolution	pas		
1965-SDAURP_CE_Oct23_GP.xml	833	fit annexer	1860	pas	oui	
1965-SDAURP_CE_Oct23_GP.xml	842	des progrès	il y a un demi-siècle	pas		
1965-SDAURP_CE_Oct23_GP.xml	854	120.000 logements à construire	chaque année			iter
1965-SDAURP_CE_Oct23_GP.xml	879	ne peuvent plus, faute de place, être localisés	aujourd'hui	pres		
1965-SDAURP_CE_Oct23_GP.xml	926	leur construction	plus tard	fut		
1965-SDAURP_CE_Oct23_GP.xml	931	80.000 à 100.000 logements construits	chaque année			iter
1965-SDAURP_CE_Oct23_GP.xml	931	formeraient chaque année une ville de plus de 300.000 habitants, aussi grande que Toulouse et son agglomération	chaque année			iter
1965-SDAURP_CE_Oct23_GP.xml	944	a été entrepris récemment une opération de rénovation totale	récemment	pas		
1965-SDAURP_CE_Oct23_GP.xml	951	se sont créés	depuis le fond de l'histoire de Paris jusqu'à aujourd'hui	pas		dur
1965-SDAURP_CE_Oct23_GP.xml	953	se construiront	dans les prochaines années	fut		dur
1965-SDAURP_CE_Oct23_GP.xml	954	l'urbanisation	à venir	fut		dur
1965-SDAURP_CE_Oct23_GP.xml	963	la croissance passée	passée	pas		
1965-SDAURP_CE_Oct23_GP.xml	983	un grand dynamisme	depuis quelques années	pas		dur
1965-SDAURP_CE_Oct23_GP.xml	986	va sans cesse se rapprocher	sans cesse	fut		dur
1965-SDAURP_CE_Oct23_GP.xml	993	se rejoindraient	à terme	fut		
1965-SDAURP_CE_Oct23_GP.xml	1000	Les new-towns réalisées	peu après 1950	pas	oui	
1965-SDAURP_CE_Oct23_GP.xml	1019	un phénomène qui s'accomplira	en plusieurs années	fut		dur
1965-SDAURP_CE_Oct23_GP.xml	1030	seront urbanisées	au cours des décennies à venir	fut		dur
1965-SDAURP_CE_Oct23_GP.xml	1040	aient été créées	dès l'origine	pas		
1965-SDAURP_CE_Oct23_GP.xml	1061	ont été réalisées	les plus récentes	pas		dur
1965-SDAURP_CE_Oct23_GP.xml	1075	a doté Paris intra-muros	il y a un siècle	pas		
1965-SDAURP_CE_Oct23_GP.xml	1075	l'agglomération de demain	demain	fut		
1965-SDAURP_CE_Oct23_GP.xml	1091	l'extension de la ville	maintenant	pres		
1965-SDAURP_CE_Oct23_GP.xml	1126	reformeront chaque jour, chaque semaine, et la trame et la chaîne	chaque semaine			iter
1965-SDAURP_CE_Oct23_GP.xml	1126	une image vivante et constamment renouvelée	constamment			iter
1965-SDAURP_CE_Oct23_GP.xml	1130	se forme	quotidiennement	pres		iter
1965-SDAURP_CE_Oct23_GP.xml	1159	les développements	à venir	fut		
1965-SDAURP_CE_Oct23_GP.xml	1165	le futur aéroport Nord	futur	fut		
1965-SDAURP_CE_Oct23_GP.xml	1190	la mise en service complète	pour 1970	fut	oui	
1965-SDAURP_CE_Oct23_GP.xml	1192	la poussée des constructions	jusqu'à une époque récente	pas		dur
1965-SDAURP_CE_Oct23_GP.xml	1218	la zone actuellement construite	actuellement	pres		dur
1965-SDAURP_CE_Oct23_GP.xml	1220	peuvent être conservés	aujourd'hui	pres		
1965-SDAURP_CE_Oct23_GP.xml	1220	îlots de verdure sans cesse grignotés	sans cesse			dur
1965-SDAURP_CE_Oct23_GP.xml	1249	Cette industrialisation	date du xixe siècle	pas	oui	
1965-SDAURP_CE_Oct23_GP.xml	1250	se transforment	Aujourd'hui	pres		dur
1965-SDAURP_CE_Oct23_GP.xml	1253	de vastes lotissements créés	entre les deux guerres	pas		dur
1965-SDAURP_CE_Oct23_GP.xml	1254	attend sa réalisation	depuis près de quarante ans	pas		dur
1965-SDAURP_CE_Oct23_GP.xml	1271	le futur aérodrome	futur	fut		
1965-SDAURP_CE_Oct23_GP.xml	1273	sera à terme, renforcé	à terme	fut		
1965-SDAURP_CE_Oct23_GP.xml	1284	doubler	ultérieurement	fut		
1965-SDAURP_CE_Oct23_GP.xml	1303	la future région urbaine de Paris	future	fut		
1965-SDAURP_CE_Oct23_GP.xml	1333	des constructions récentes	récentes	pas		
1965-SDAURP_CE_Oct23_GP.xml	1336	la croissance	des 15 dernières années	pas		dur
1965-SDAURP_CE_Oct23_GP.xml	1337	les plus grandes opérations de construction de toute la zone ont été réalisées	depuis 1950	pas	oui/non	dur
1965-SDAURP_CE_Oct23_GP.xml	1350	des extensions récentes	récentes	pas		
1965-SDAURP_CE_Oct23_GP.xml	1358	verra sa croissance se stabiliser	dans l'avenir	fut		
1965-SDAURP_CE_Oct23_GP.xml	1363	les développements récents	récents	pas		
1965-SDAURP_CE_Oct23_GP.xml	1364	une phase de mise en ordre et d'équipement	maintenant	pres		
1965-SDAURP_CE_Oct23_GP.xml	1369	le développement actuel extrêmement dynamique mais également désordonné du Sud-Ouest de l'agglomération parisienne	actuel	pres		dur
1965-SDAURP_CE_Oct23_GP.xml	1370	Ce dynamisme	depuis ces dernières années	pas		dur
1965-SDAURP_CE_Oct23_GP.xml	1400	la dispersion	à terme	fut		
1965-SDAURP_CE_Oct23_GP.xml	1404	les développements futurs de la rive gauche de Seine en aval de Paris	futurs	fut		
1965-SDAURP_CE_Oct23_GP.xml	1415	un développement rapide	depuis la guerre	pas		dur
1965-SDAURP_CE_Oct23_GP.xml	1422	est actuellement peu urbanisée	actuellement	pres		
1965-SDAURP_CE_Oct23_GP.xml	1441	L'extension de l'agglomération de Mantes	dans les prochaines années	fut		dur
1965-SDAURP_CE_Oct23_GP.xml	1441	futur ensemble de loisir	futur	fut		
1965-SDAURP_CE_Oct23_GP.xml	1444	zones industrielles établies	au fur et à mesure de la disparition progressive des champs d'épandage	fut		
1965-SDAURP_CE_Oct23_GP.xml	1456	les ensembles d'immeubles collectifs construits	depuis dix ans	pas		dur
1965-SDAURP_CE_Oct23_GP.xml	1458	a depuis longtemps accueilli des habitations de qualité	depuis longtemps	pas		dur
1965-SDAURP_CE_Oct23_GP.xml	1459	ont été livrés à l'habitat	depuis 15 ans	pas		dur
1965-SDAURP_CE_Oct23_GP.xml	1461	la future région urbaine	future	fut		
1965-SDAURP_CE_Oct23_GP.xml	1479	urbanisation	ancienne	pas		
1965-SDAURP_CE_Oct23_GP.xml	1481	a été peu construit	jusqu'à la dernière guerre	pas		dur
1965-SDAURP_CE_Oct23_GP.xml	1482	la construction d'immeubles collectifs s'est développée	depuis quinze ans	pas		dur
1965-SDAURP_CE_Oct23_GP.xml	1485	se sont développées	depuis 1920	pas	oui	dur
1965-SDAURP_CE_Oct23_GP.xml	1487	développement récent	récent	pas		dur
1965-SDAURP_CE_Oct23_GP.xml	1507	se constituera	peu à peu	fut		dur
1965-SDAURP_CE_Oct23_GP.xml	1523	disparaissent	peu à peu	pres		dur
1965-SDAURP_CE_Oct23_GP.xml	1529	recommencent même à se développer	depuis quelques années	pas		dur
1965-SDAURP_CE_Oct23_GP.xml	1542	pourront être désaffectés	à terme	fut		
1965-SDAURP_CE_Oct23_GP.xml	1567	le dynamisme renaît	depuis 15 ans	pas		dur
1965-SDAURP_CE_Oct23_GP.xml	1584	se sont relativement peu développées	jusqu'à ces dernières années	pas		dur
1965-SDAURP_CE_Oct23_GP.xml	1584	leur expansion	au cours du xixe siècle	pas	oui	dur
1965-SDAURP_CE_Oct23_GP.xml	1586	un renouveau de vitalité	Depuis la guerre	pas		dur
1965-SDAURP_CE_Oct23_GP.xml	1589	le développement futur de ces villes	futur	fut		
1965-SDAURP_CE_Oct23_GP.xml	1594	une nouvelle étape de l'antique Lutèce	pour la fin du xxe siècle	fut	oui	
1965-SDAURP_CE_Oct23_GP.xml	1621	les projets en cours de voies nouvelles	en cours	pres		dur
1965-SDAURP_CE_Oct23_GP.xml	1632	est en surface vingt fois plus grande	Trois siècles et demi plus tard	pres		
1965-SDAURP_CE_Oct23_GP.xml	1658	l'opération actuelle de la Défense	actuelle	pres		dur
1965-SDAURP_CE_Oct23_GP.xml	1665	a été doublée	Au xixe siècle	pas	oui	
1965-SDAURP_CE_Oct23_GP.xml	1665	redoublée	au début du xxe siècle	pas	oui	
1965-SDAURP_CE_Oct23_GP.xml	1670	les travaux	jusqu'à leur terme	fut		
1965-SDAURP_CE_Oct23_GP.xml	1687	demain occupera plus de 2.000 km2	demain	fut		
1965-SDAURP_CE_Oct23_GP.xml	1708	desserrement	après-demain	fut		
1965-SDAURP_CE_Oct23_GP.xml	1712	ont gardé au cours des siècles beaucoup d'espaces	au cours des siècles	pas		dur
1965-SDAURP_CE_Oct23_GP.xml	1721	un "bourrage" d'habitat	depuis la guerre	pas		dur
1965-SDAURP_CE_Oct23_GP.xml	1778	l'évolution urbaine	des vingt dernières années	pas		dur
1965-SDAURP_CE_Oct23_GP.xml	1780	la future organisation urbaine	future	fut		
1965-SDAURP_CE_Oct23_GP.xml	1953	300 établissements industriels récemment créés	récemment	pas		
1965-SDAURP_CE_Oct23_GP.xml	1957	l'ouverture d'un nouvel aéroport	dans une dizaine d'années	fut		
1965-SDAURP_CE_Oct23_GP.xml	2012	la future organisation urbaine	future	fut		
1965-SDAURP_CE_Oct23_GP.xml	2026	construit	avant la première guerre mondiale	pas	oui	
1965-SDAURP_CE_Oct23_GP.xml	2026	n'a guère évolué	jusqu'à une date récente	pas		
1965-SDAURP_CE_Oct23_GP.xml	2073	a vu le jour	avant 1940	pas	oui	
1965-SDAURP_CE_Oct23_GP.xml	2074	s'ouvre le premier tronçon de l'autoroute du Sud	1960	pas	oui	
1965-SDAURP_CE_Oct23_GP.xml	2134	une nouvelle transformation radicale	demain	fut		
1965-SDAURP_CE_Oct23_GP.xml	2137	remettre en cause, à cette échéance, la forme des villes	à cette échéance	fut		
1965-SDAURP_CE_Oct23_GP.xml	2137	peut aujourd'hui concevoir	aujourd'hui	pres		
1965-SDAURP_CE_Oct23_GP.xml	2150	les réseaux de transport futurs	futurs	fut		
1965-SDAURP_CE_Oct23_GP.xml	2198	ne pourrait être réalisée d'ici à la fin du siècle	d'ici à la fin du siècle	fut	oui	dur
1965-SDAURP_CE_Oct23_GP.xml	2205	ses futures extensions	futures	fut		
1965-SDAURP_CE_Oct23_GP.xml	2274	Le réseau routier futur	futur	fut		
1965-SDAURP_CE_Oct23_GP.xml	2279	des différentes routes futures	futures	fut		
1965-SDAURP_CE_Oct23_GP.xml	2306	ouvrages à réaliser	à moyen terme	fut		dur
1965-SDAURP_CE_Oct23_GP.xml	2306	les élargissements futurs	futurs	fut		
1965-SDAURP_CE_Oct23_GP.xml	2324	la future préfecture d’Évry	future	fut		
1965-SDAURP_CE_Oct23_GP.xml	2349	le futur axe urbain	futur	fut		
1965-SDAURP_CE_Oct23_GP.xml	2369	Le réseau routier futur	futur	fut		
1965-SDAURP_CE_Oct23_GP.xml	2402	la future région urbaine	future	fut		
1965-SDAURP_CE_Oct23_GP.xml	2407	celle construite récemment	récemment	pas		
1965-SDAURP_CE_Oct23_GP.xml	2658	devrait s'accroître	d'ici à la fin du siècle	fut		
1965-SDAURP_CE_Oct23_GP.xml	2669	les vagues successives d'expansion	depuis près d'un siècle	pas		dur
1965-SDAURP_CE_Oct23_GP.xml	2675	le développement	le moins ancien	pas		
1965-SDAURP_CE_Oct23_GP.xml	2683	submergés	maintenant	pres		
1965-SDAURP_CE_Oct23_GP.xml	2687	une évolution continue	depuis le début du siècle	pas		dur
1965-SDAURP_CE_Oct23_GP.xml	2689	Les mouvements observés	au cours des dernières années	pas		dur
1965-SDAURP_CE_Oct23_GP.xml	2691	l'exode industriel	Entre les deux derniers recensements de population	pas		
1965-SDAURP_CE_Oct23_GP.xml	2693	l'évolution récente	récente	pas		dur
1965-SDAURP_CE_Oct23_GP.xml	2715	l'implantation des industries	jusqu'alors	pas		dur
1965-SDAURP_CE_Oct23_GP.xml	2753	les futurs centres urbains	futurs	fut		
1965-SDAURP_CE_Oct23_GP.xml	2754	remplir les nouveaux centres	plusieurs années	fut		dur
1965-SDAURP_CE_Oct23_GP.xml	2758	peuvent s'implanter rapidement	rapidement	fut		
1965-SDAURP_CE_Oct23_GP.xml	2791	futures zones urbanisées	futures	fut		
1965-SDAURP_CE_Oct23_GP.xml	2797	quartiers construits successivement	successivement	fut		
1965-SDAURP_CE_Oct23_GP.xml	2797	futur centre de la ville	futur	fut		
1965-SDAURP_CE_Oct23_GP.xml	2803	soient mises en place	dès la naissance des villes nouvelles	fut		
1965-SDAURP_CE_Oct23_GP.xml	2880	ont grandi	Les siècles ont passé	pas		dur
1965-SDAURP_CE_Oct23_GP.xml	2881	construire	presque jusqu'au milieu du xxe siècle	pas	oui	dur
1965-SDAURP_CE_Oct23_GP.xml	2918	des aménagements	dès maintenant	pres		
1965-SDAURP_CE_Oct23_GP.xml	2945	complété par un auditorium de 3.000 places	éventuellement	fut		
1965-SDAURP_CE_Oct23_GP.xml	2967	en pleine évolution	Aujourd'hui	pres		
1965-SDAURP_CE_Oct23_GP.xml	2982	n'a pas été prévue	aux époques - fort anciennes pour certains quartiers, mais parfois très récentes ailleurs - où était possible ce qui ne l'est plus	pas		
1965-SDAURP_CE_Oct23_GP.xml	2987	la région urbaine de demain	demain	fut		
1965-SDAURP_CE_Oct23_GP.xml	3024	ce Paris dessiné	en 1965	pres	oui	
2005-Reichen_CE_Oct23.xml	28	les premières délocalisations de l’industrie textile	Dans le débat des années 1975	pas	oui	dur
2005-Reichen_CE_Oct23.xml	37	la filature Prouvost à Tourcoing, reconvertie	en 1983	pas	oui	
2005-Reichen_CE_Oct23.xml	42	transformer	Vingt ans plus tard	pas		
2005-Reichen_CE_Oct23.xml	43	l’avenir de ce quartier	l’avenir	fut		
2005-Reichen_CE_Oct23.xml	48	l’avenir des villes	l’avenir	fut		
2005-Reichen_CE_Oct23.xml	81	mise en œuvre d’infrastructures « égocentrées »	quelques décennies	pas		dur
2005-Reichen_CE_Oct23.xml	98	une transformation mesurée qui est menée	maintenant	pres		
2005-Reichen_CE_Oct23.xml	121	l’avenir de ce quartier	l’avenir	fut		
2005-Reichen_CE_Oct23.xml	124	L’obsolescence rapide des grands ensembles	rapide			
2005-Reichen_CE_Oct23.xml	130	reconstruire en dix ans les bases d’un grand paysage	en dix ans	fut		dur
2005-Reichen_CE_Oct23.xml	135	était transformé	Dans un même temps			
2005-Reichen_CE_Oct23.xml	139	D’autres grands développements ont été ensuite réalisés	ensuite			
2005-Reichen_CE_Oct23.xml	140	générer ensuite des développements contradictoires	ensuite			
2005-Reichen_CE_Oct23.xml	162	Soixante projets	depuis 1970	pas	oui	dur
2005-Reichen_CE_Oct23.xml	168	un projet urbain	dans l’avenir	fut		
2005-Reichen_CE_Oct23.xml	182	les développements futurs	futurs	fut		
2005-Reichen_CE_Oct23.xml	215	a changé	années 1970	pas	oui	dur
2005-Reichen_CE_Oct23.xml	215	a changé	plus vite que la société			
2005-Reichen_CE_Oct23.xml	260	le chantier urbain	prochaines décennies			
1958-padog_CE_Oct23_GP.xml	2	se sont accrus	Depuis 1880	pas	oui	dur
1958-padog_CE_Oct23_GP.xml	4	l’embellissement de Paris	au cours de notre histoire	pas		dur
1958-padog_CE_Oct23_GP.xml	4	n’ont ajouté à « la plus belle ville du monde » qu’une banlieue indifférenciée, sans style et sans âme	les cent dernières années	pas		dur
1958-padog_CE_Oct23_GP.xml	8	se prépara puis s’accomplit le renouveau de la France	Après dix années sombres			
1958-padog_CE_Oct23_GP.xml	11	doit évoluer le Paris futur	futur	fut		
1958-padog_CE_Oct23_GP.xml	18	devenir au cours des 80 dernières années cette agglomération géante	au cours des 80 dernières années	pas		dur
1958-padog_CE_Oct23_GP.xml	24	se sons basties	depuis vingt ans	pas		dur
1958-padog_CE_Oct23_GP.xml	24	se bastissent	encores de nouveau chaque jour	pres		dur
1958-padog_CE_Oct23_GP.xml	32	l’accroissement continuel et de l’augmentation de « la grande ville	A cette époque	pas		
1958-padog_CE_Oct23_GP.xml	37	l’extension des limites à l’intérieur desquelles on percevait l’impôt	En 1785	pas	oui	
1958-padog_CE_Oct23_GP.xml	42	est intégrée	en 1859	pas	oui	
1958-padog_CE_Oct23_GP.xml	43	s’accroîtra	En moins de 80 ans	pas		dur
1958-padog_CE_Oct23_GP.xml	52	La démolition des anciennes fortifications de la Capitale	achevée en 1930	pas	oui	
1958-padog_CE_Oct23_GP.xml	133	les opérations	au cours des prochaines années	fut		dur
1958-padog_CE_Oct23_GP.xml	134	l’avenir de la Région	l’avenir	fut		
1958-padog_CE_Oct23_GP.xml	163	certaines opérations	à long terme			dur
1958-padog_CE_Oct23_GP.xml	163	n’ont pu être étudiées et matérialisées	dès à présent	pres		
1958-padog_CE_Oct23_GP.xml	163	puissent ainsi être réalisées	le moment venu			
1958-padog_CE_Oct23_GP.xml	174	La concentration industrielle	à partir du XIXe siècle	pas		dur
1958-padog_CE_Oct23_GP.xml	185	son accroissement particulièrement rapide	depuis la fin du XIXe siècle	pas		dur
1958-padog_CE_Oct23_GP.xml	191	nouveaux groupes d'habitation terminés	depuis cette date	pas		dur
1958-padog_CE_Oct23_GP.xml	293	l’agglomération de demain	demain	fut		
1958-padog_CE_Oct23_GP.xml	298	se soit développé	au cours des siècles	pas		dur
1958-padog_CE_Oct23_GP.xml	299	Des tracés importants apparus	sous Napoléon Ier	pas		
1958-padog_CE_Oct23_GP.xml	350	réalisations	au cours des derniers siècles	pas		dur
1958-padog_CE_Oct23_GP.xml	416	675 opérations de décentralisation	1er octobre 1950 au 1er juin 1960	pas	oui	dur
1958-padog_CE_Oct23_GP.xml	434	un développement considérable des nouvelles activités à caractère scientifique, principalement centres de recherches et laboratoires d’études de toute nature	depuis la guerre	pas		dur
1958-padog_CE_Oct23_GP.xml	435	De telles créations ne pourraient-elles pas trouver place	à l’avenir	fut		
1958-padog_CE_Oct23_GP.xml	444	prévoir les nouveaux établissements universitaires indispensables	au cours des prochaines années	fut		dur
1958-padog_CE_Oct23_GP.xml	448	le développement très important du secteur tertiaire	au cours de ces dernières années	pas		dur
1958-padog_CE_Oct23_GP.xml	475	doivent être réalisés	dans les prochaines années	fut		dur
1958-padog_CE_Oct23_GP.xml	478	pourront-elles y être implantées	simultanément			
1958-padog_CE_Oct23_GP.xml	479	s’y développent	spontanément			
1958-padog_CE_Oct23_GP.xml	596	pouvoir être réalisés successivement dans le temps	successivement dans le temps	fut		iter
1958-padog_CE_Oct23_GP.xml	600	toutes réalisations de cette importance qui s’échelonneront	suivant une période plus ou moins longue	fut		dur
1958-padog_CE_Oct23_GP.xml	606	son développement	jusqu’à présent	pas		dur
1958-padog_CE_Oct23_GP.xml	620	un transfert de ces installations aéronautiques	dans l’avenir	fut		
1958-padog_CE_Oct23_GP.xml	640	le futur Parc de La Courneuve	futur	fut		
1958-padog_CE_Oct23_GP.xml	655	certains ensembles réalisés	Au cours des dernières années	pas		dur
1958-padog_CE_Oct23_GP.xml	684	la construction dans PARIS même de grands édifices publics	au cours des dernières années	pas		dur
1958-padog_CE_Oct23_GP.xml	685	les possibilités d’avenir de cette Région	avenir	fut		
1958-padog_CE_Oct23_GP.xml	728	l’évolution future de la Région Parisienne	future	fut		
1958-padog_CE_Oct23_GP.xml	740	la cadence actuelle de destruction	actuelle	pres		dur
1958-padog_CE_Oct23_GP.xml	744	pourrait être réalisé	dans un délai de 15 ans	pas		dur
1958-padog_CE_Oct23_GP.xml	746	le remplacement	dans les plus brefs délais	pas		
1958-padog_CE_Oct23_GP.xml	747	un étalement	sur une période de 15 ans	pas		fut
1958-padog_CE_Oct23_GP.xml	754	les 427.000 logements neufs réalisés	depuis la guerre	pas		dur
1958-padog_CE_Oct23_GP.xml	755	les 60.000 logements insalubres et les 160.000 logements vétustes supposés reconstruits	assez rapidement	pas		
1958-padog_CE_Oct23_GP.xml	786	l’effort considérable de construction	depuis quelques années	pas		dur
1958-padog_CE_Oct23_GP.xml	787	69.000 logements terminés	en 1957	pas	oui	
1958-padog_CE_Oct23_GP.xml	793	un volume de construction de 60.000 logements par an à soutenir	pendant 10 ans			dur
1958-padog_CE_Oct23_GP.xml	799	la rénovation de l’habitat parisien	dans les prochaines années	pas		dur
1958-padog_CE_Oct23_GP.xml	822	ces opérations	dans les prochaines années	pas		dur
1958-padog_CE_Oct23_GP.xml	843	tous les terrains qui sont ainsi susceptibles d’être urbanisés	dans les prochaines années	fut		dur
1958-padog_CE_Oct23_GP.xml	897	les concentrations réalisées	à la fin du XIXe siècle	pas	oui	dur
1958-padog_CE_Oct23_GP.xml	1005	La réalisation de cette prévision	la deuxième moitié du XXe siècle	fut	oui	dur
1958-padog_CE_Oct23_GP.xml	1024	Aucune transformation importante	depuis les grandes opérations de voirie réalisée par HAUSSMANN ou ses successeurs	pas		
1958-padog_CE_Oct23_GP.xml	1026	l’autoroute de l’Ouest mise en service	depuis la guerre	pas		
1958-padog_CE_Oct23_GP.xml	1076	devant être dans l’avenir le grand terrain d’aviation de la Région Parisienne	dans l’avenir	fut		
1958-padog_CE_Oct23_GP.xml	1077	un certain nombre d’opérations	depuis plusieurs années	pas		dur
1958-padog_CE_Oct23_GP.xml	1083	remplacer ultérieurement l’aéroport du BOURGET	ultérieurement	fut		
1958-padog_CE_Oct23_GP.xml	1085	L’avenir de cet aérodrome	L’avenir	fut		
1958-padog_CE_Oct23_GP.xml	1097	centres d’activité, actuels ou futurs	futurs	fut		
1958-padog_CE_Oct23_GP.xml	1120	l’évolution future de la Région Parisienne	future	fut		
1958-padog_CE_Oct23_GP.xml	1144	la voie des réalisations	sur une période qui ne devrait pas excéder 5 ans	fut		dur
1958-padog_CE_Oct23_GP.xml	1179	Les Halles Centrales construites	il y a 100 ans	pas	oui	
1958-padog_CE_Oct23_GP.xml	1210	étudié depuis de longues années	actuellement	pres		dur
1958-padog_CE_Oct23_GP.xml	1311	un futur stade de 100.000 places	futur	fut		
1958-padog_CE_Oct23_GP.xml	1317	son prolongement	ultérieurement	fut		
1958-padog_CE_Oct23_GP.xml	1351	la poursuite des travaux en cours	en cours	pres		dur
1958-padog_CE_Oct23_GP.xml	1377	Les centrales thermiques et les couloirs de lignes à très hautes tension, existants ou projetés	à ce jour	pres		
1958-padog_CE_Oct23_GP.xml	1410	un futur parc olympique	futur	fut		
1958-padog_CE_Oct23_GP.xml	1471	une action coordonnée dans les prochaines années des différentes initiatives publiques ou privées	dans les prochaines années	fut		dur
1958-padog_CE_Oct23_GP.xml	1514	des opérations	dans un délai pouvant atteindre ou même dépasser 10 ans	fut		dur
1958-padog_CE_Oct23_GP.xml	1576	construction de logements	pour les 10 prochaines années	fut		dur
1958-padog_CE_Oct23_GP.xml	1582	devraient pouvoir être réservés et acquis	dès maintenant	pres		
1958-padog_CE_Oct23_GP.xml	1594	monuments légués	par les siècles passés	pas		dur
1958-padog_CE_Oct23_GP.xml	1597	d’autres grandes opérations d’urbanisme	Demain	fut		
1958-padog_CE_Oct23_GP.xml	1645	l’industrialisation de la banlieue	le dernier tiers du XIXe siècle et	pas	oui	dur
1958-padog_CE_Oct23_GP.xml	1655	l’extension tentaculaire limitée volontairement par les «périmètres d’agglomération», approuvés en 1939, a été effectivement arrêtée	Depuis 1950	pas	oui	dur
1958-padog_CE_Oct23_GP.xml	1840	implantations récentes d’importants groupes d’habitations	récentes	pas		
1958-padog_CE_Oct23_GP.xml	2013	675 opérations de décentralisation	pendant la période du 1er Octobre 1950 au 1er Juin 1960	pas+pres+fut	oui	dur
1958-padog_CE_Oct23_GP.xml	2036	peuvent être réalisées	après exploitation de gisements de sable			
1958-padog_CE_Oct23_GP.xml	2036	peuvent être réaménagés	après enlèvement du sable			
1958-padog_CE_Oct23_GP.xml	2043	Le développement des industries secondaires s’est poursuivi	depuis la fin du XIXe siècle	pas	oui	dur
1958-padog_CE_Oct23_GP.xml	2057	s’est développée	depuis la guerre	pas		dur
1958-padog_CE_Oct23_GP.xml	2269	premières réalisations de zones d’activités	au fur et à mesure	fut		dur
1958-padog_CE_Oct23_GP.xml	2274	pourront être adaptées suivant l’évolution générale du problème des activités dans les prochaines années et étendues	dans les prochaines années	pas		dur
1958-padog_CE_Oct23_GP.xml	2310	ce développement déjà particulièrement sensible	depuis la guerre	pas		dur
1958-padog_CE_Oct23_GP.xml	2323	Grands magasins, services administratifs, bureaux d’études ou de recherches, centres universitaires et culturels de tous ordres, théâtres, installations sportives, etc.appelés à se développer	au cours des années à venir	pas		dur
1958-padog_CE_Oct23_GP.xml	2427	aient été construits	depuis la Libération	pas		dur
2009-Ascher_CE_Oct23.xml	36	Les actions urbaines	dans des durées longues			dur
2009-Ascher_CE_Oct23.xml	457	n’est-il pas obligé d’anticiper le futur	le futur	fut		
2009-Ascher_CE_Oct23.xml	470	les actions à venir	à venir	fut		
2009-Ascher_CE_Oct23.xml	472	la ville de demain	demain	fut		
2009-Ascher_CE_Oct23.xml	474	dessiner la ville de demain	demain	fut		
2009-Ascher_CE_Oct23.xml	476	la ville de demain	demain	fut		
2009-Ascher_CE_Oct23.xml	478	une idée du futur	futur	fut		
2009-Ascher_CE_Oct23.xml	479	sa ville de demain	demain	fut		
2009-Ascher_CE_Oct23.xml	500	va « prendre »	demain	fut		
2009-Ascher_CE_Oct23.xml	581	l’avenir de la partie centrale de Paris	l’avenir	fut		
2009-Ascher_CE_Oct23.xml	581	l’avenir de la région tout entière	l’avenir	fut		
2009-Ascher_CE_Oct23.xml	598	l’avenir d’une ville	à vingt ans	fut		
2009-Ascher_CE_Oct23.xml	639	ces futurs pôles	futurs	fut		
2009-Ascher_CE_Oct23.xml	699	ont augmenté	pendant de nombreuses années	pas		dur
2009-Ascher_CE_Oct23.xml	726	une vision de l’avenir	l’avenir	fut		
2009-DiscoursNicolasSarkozy_CE_Oct23.xml	7	l'avenir du Paris métropolitain	l'avenir	fut		
2009-DiscoursNicolasSarkozy_CE_Oct23.xml	7	le grand Paris	à l'horizon de vingt, trente voire quarante ans	fut		
2009-DiscoursNicolasSarkozy_CE_Oct23.xml	23	l'avenir de la métropole du XXIe siècle	l'avenir	fut		
2009-DiscoursNicolasSarkozy_CE_Oct23.xml	23	l'avenir de l'agglomération parisienne	l'avenir	fut		
2009-DiscoursNicolasSarkozy_CE_Oct23.xml	26	l'avenir dudit « Grand Paris»	l'avenir	fut		
2009-DiscoursNicolasSarkozy_CE_Oct23.xml	35	stratégies d'aménagement de l'espace	sur le long terme	fut		dur
2009-DiscoursNicolasSarkozy_CE_Oct23.xml	45	apparaissent	au XIXe siècle	pas		
2009-DiscoursNicolasSarkozy_CE_Oct23.xml	73	ce territoire en devenir	en devenir	fut		
2009-DiscoursNicolasSarkozy_CE_Oct23.xml	73	cette métropole à venir	à venir	fut		
2021-TVK_VF_CE_Aout23.xml	12	naissance du Périphérique	en 1973	pas	oui	
2021-TVK_VF_CE_Aout23.xml	45	Nos récents projets urbains	récents	pas		
2021-TVK_VF_CE_Aout23.xml	57	un chantier	pour une livraison en 2013	pas	oui	
2021-TVK_VF_CE_Aout23.xml	81	futures gares	futures	fut		
2021-TVK_VF_CE_Aout23.xml	85	FUTUR MÉTRO DU GRAND PARIS EXPRESS	FUTUR	fut		
2021-TVK_VF_CE_Aout23.xml	98	fabriquées	au fil du temps	pas		dur
1965-SDAURP_CE_Oct23_GPU.xml	9	sans cesse grandissantes	depuis un siècle	pas		dur
1965-SDAURP_CE_Oct23_GPU.xml	10	tombaient les fortifications de Thiers	en 1925	pas	oui	
1965-SDAURP_CE_Oct23_GPU.xml	20	vinrent suspendre pendant plus de dix années toute possibilité de réalisation notable en matière d'urbanisme	pendant plus de dix années	pas		dur
1965-SDAURP_CE_Oct23_GPU.xml	37	l'avenir de la région parisienne	l'avenir	fut		
1965-SDAURP_CE_Oct23_GPU.xml	40	l'avenirl'avenir de la région parisienne	l'avenir	fut		
1965-SDAURP_CE_Oct23_GPU.xml	46	"Devenir de Paris"	Devenir	fut		
1965-SDAURP_CE_Oct23_GPU.xml	77	Préparer la région de Paris à son avenir	son avenir	fut		
1965-SDAURP_CE_Oct23_GPU.xml	108	la fin de la décentralisation entreprise	il y a une dizaine d'années	pas		
1965-SDAURP_CE_Oct23_GPU.xml	133	La croissance de Paris	entre 1985 et 2000	fut	oui	dur
1965-SDAURP_CE_Oct23_GPU.xml	155	auraient en moyenne plus que doublé	De 1962 à 2000	fut	oui	dur
1965-SDAURP_CE_Oct23_GPU.xml	161	CROISSANCE DES MÉTROPOLES D’ÉQUILIBRE	1954- 1962	pas	oui	dur
1965-SDAURP_CE_Oct23_GPU.xml	199	un triplement	en trente-cinq ans	fut		dur
1965-SDAURP_CE_Oct23_GPU.xml	212	CROISSANCE DES AGGLOMÉRATIONS IMPORTANTES DU BASSIN PARISIEN	1954-1962	pas	oui	dur
1965-SDAURP_CE_Oct23_GPU.xml	221	CROISSANCE DES AGGLOMÉRATIONS MOYENNES DU BASSIN PARISIEN	1954- 1962	pas	oui	dur
1965-SDAURP_CE_Oct23_GPU.xml	280	leur essor	des années récentes	pas		dur
1965-SDAURP_CE_Oct23_GPU.xml	280	vont tripler	en moins de quarante ans	fut		dur
1965-SDAURP_CE_Oct23_GPU.xml	281	auront d'ici là préparé leur ville, ou plutôt leur agglomération et dans certains cas leur région urbaine toute entière	d'ici là	fut		
1965-SDAURP_CE_Oct23_GPU.xml	313	les usines et les bureaux construits	aujourd'hui	pres		dur
1965-SDAURP_CE_Oct23_GPU.xml	314	bâtiments construits	avant 1880	pas		dur
1965-SDAURP_CE_Oct23_GPU.xml	314	existent encore	aujourd'hui	pres		dur
1965-SDAURP_CE_Oct23_GPU.xml	338	seront construits	d'ici la fin du siècle	fut		dur
1965-SDAURP_CE_Oct23_GPU.xml	338	seraient reconstruits	d'ici la fin du siècle	fut		dur
1965-SDAURP_CE_Oct23_GPU.xml	435	l'avenir de l'agglomération	l'avenir	fut		
1965-SDAURP_CE_Oct23_GPU.xml	441	peut être réalisé aisément et à coût normal	aujourd'hui	pres		
1965-SDAURP_CE_Oct23_GPU.xml	452	les poussées de la ville	depuis 1840	pas		dur
1965-SDAURP_CE_Oct23_GPU.xml	478	Tracer le schéma directeur du Paris de demain	demain	fut		
1965-SDAURP_CE_Oct23_GPU.xml	479	ont déjà étendue	depuis Haussmann	pas		dur
1965-SDAURP_CE_Oct23_GPU.xml	479	successivement franchies	depuis Haussmann	pas		dur
1965-SDAURP_CE_Oct23_GPU.xml	479	a toujours grandi	toujours	pas		dur
1965-SDAURP_CE_Oct23_GPU.xml	507	en formeront huit	demain	fut		
1965-SDAURP_CE_Oct23_GPU.xml	571	ont été construits	depuis la fin de la guerre	pas		dur
1965-SDAURP_CE_Oct23_GPU.xml	573	construits	depuis la guerre	pas		dur
1965-SDAURP_CE_Oct23_GPU.xml	575	Les constructions n'ont en effet repris	qu'à partir de ce moment	pas		
1965-SDAURP_CE_Oct23_GPU.xml	575	13.000 logements terminés	en 1953	pas	oui	
1965-SDAURP_CE_Oct23_GPU.xml	577	aura construit, depuis 1953, plus d'un million de logements	depuis 1953	pas		dur
1965-SDAURP_CE_Oct23_GPU.xml	578	aura bâti un autre Paris	en quinze ans			dur
1965-SDAURP_CE_Oct23_GPU.xml	599	se colmatent	Progressivement			dur
1965-SDAURP_CE_Oct23_GPU.xml	602	Les constructions réalisées	depuis la guerre	pas		dur
1965-SDAURP_CE_Oct23_GPU.xml	603	l'agrandissement	tout au long des siècles	pas		dur
1965-SDAURP_CE_Oct23_GPU.xml	604	le comblement des espaces interstitiels	enfin			
1965-SDAURP_CE_Oct23_GPU.xml	606	demeurent libres	pour le moment	pres		dur
1965-SDAURP_CE_Oct23_GPU.xml	607	deux ou trois zones déjà construites	déjà	pas		
1965-SDAURP_CE_Oct23_GPU.xml	608	le rythme de construction à soutenir	pendant de nombreuses années	fut		dur
1965-SDAURP_CE_Oct23_GPU.xml	617	n'est guère possible de conserver longtemps des terres agricoles presqu'enclavées dans la ville	longtemps			dur
1965-SDAURP_CE_Oct23_GPU.xml	647	50.000 logements à détruire	en 1965	futur	oui	
1965-SDAURP_CE_Oct23_GPU.xml	649	90 opérations d'importance fort variable étaient en cours	au 1er janvier 1965		oui	
1965-SDAURP_CE_Oct23_GPU.xml	663	Un doublement de cette cadence	au terme des cinq années à venir	fut		
1965-SDAURP_CE_Oct23_GPU.xml	667	réserver en temps voulu les parcelles de terrains	en temps voulu			
1965-SDAURP_CE_Oct23_GPU.xml	667	la réalisation ultérieure de ces équipements	ultérieure	fut		
1965-SDAURP_CE_Oct23_GPU.xml	705	Les grands ensembles construits	depuis la guerre	pas		dur
1965-SDAURP_CE_Oct23_GPU.xml	705	ont submergé les environs, boisés ou cultivés	au cours des années qui ont suivi la première guerre mondiale	pas		dur
1965-SDAURP_CE_Oct23_GPU.xml	707	ont été - à raison de 20 logements à l'hectare en moyenne - couverts de pavillons	En dix années environ	pas		dur
1965-SDAURP_CE_Oct23_GPU.xml	714	la zone construite	à l'époque	pas		
1965-SDAURP_CE_Oct23_GPU.xml	727	GROUPES DE LOGEMENTS CONSTRUITS	DE 1939 A 1964	pas	oui	dur
1965-SDAURP_CE_Oct23_GPU.xml	730	GROUPES DE LOGEMENTS CONSTRUITS	DE 1939 A 1964	pas	oui	dur
1965-SDAURP_CE_Oct23_GPU.xml	759	s'implantent	encore trop souvent	pres		
1965-SDAURP_CE_Oct23_GPU.xml	769	une stagnation	de plusieurs décennies	pas		dur
1965-SDAURP_CE_Oct23_GPU.xml	769	a fait démarrer de grands travaux d'équipement public	dès 1960	pas	oui	dur
1965-SDAURP_CE_Oct23_GPU.xml	785	IMPLANTATION RÉCENTE D'ACTIVITÉS ET DE GRANDS ÉQUIPEMENTS	RÉCENTE	pas		
1965-SDAURP_CE_Oct23_GPU.xml	786	IMPLANTATION RÉCENTE D'ACTIVITÉS ET DE GRANDS ÉQUIPEMENTS	RÉCENTE	pas		
1965-SDAURP_CE_Oct23_GPU.xml	795	sont à localiser	chaque année	fut		iter
1965-SDAURP_CE_Oct23_GPU.xml	795	plus de 1.200.000 logements en dix ans, soit l'équivalent d'une autre ville de Paris à construire	en dix ans	fut		dur
1965-SDAURP_CE_Oct23_GPU.xml	807	ses extensions	à venir	fut		
1965-SDAURP_CE_Oct23_GPU.xml	816	L'urbanisme pratiqué	depuis la guerre	pas		dur
1965-SDAURP_CE_Oct23_GPU.xml	830	s'accroît	tous les trois ans			iter
1965-SDAURP_CE_Oct23_GPU.xml	833	l'enceinte dite des Fermiers Généraux construite	peu avant la Révolution	pas		
1965-SDAURP_CE_Oct23_GPU.xml	833	fit annexer	1860	pas	oui	
1965-SDAURP_CE_Oct23_GPU.xml	842	des progrès	il y a un demi-siècle	pas		
1965-SDAURP_CE_Oct23_GPU.xml	854	120.000 logements à construire	chaque année			iter
1965-SDAURP_CE_Oct23_GPU.xml	879	ne peuvent plus, faute de place, être localisés	aujourd'hui	pres		
1965-SDAURP_CE_Oct23_GPU.xml	926	leur construction	plus tard	fut		
1965-SDAURP_CE_Oct23_GPU.xml	931	80.000 à 100.000 logements construits	chaque année			iter
1965-SDAURP_CE_Oct23_GPU.xml	931	formeraient chaque année une ville de plus de 300.000 habitants, aussi grande que Toulouse et son agglomération	chaque année			iter
1965-SDAURP_CE_Oct23_GPU.xml	944	a été entrepris récemment une opération de rénovation totale	récemment	pas		
1965-SDAURP_CE_Oct23_GPU.xml	951	se sont créés	depuis le fond de l'histoire de Paris jusqu'à aujourd'hui	pas		dur
1965-SDAURP_CE_Oct23_GPU.xml	953	se construiront	dans les prochaines années	fut		dur
1965-SDAURP_CE_Oct23_GPU.xml	954	l'urbanisation	à venir	fut		dur
1965-SDAURP_CE_Oct23_GPU.xml	963	la croissance passée	passée	pas		
1965-SDAURP_CE_Oct23_GPU.xml	983	un grand dynamisme	depuis quelques années	pas		dur
1965-SDAURP_CE_Oct23_GPU.xml	986	va sans cesse se rapprocher	sans cesse	fut		dur
1965-SDAURP_CE_Oct23_GPU.xml	993	se rejoindraient	à terme	fut		
1965-SDAURP_CE_Oct23_GPU.xml	1000	Les new-towns réalisées	peu après 1950	pas	oui	
1965-SDAURP_CE_Oct23_GPU.xml	1019	un phénomène qui s'accomplira	en plusieurs années	fut		dur
1965-SDAURP_CE_Oct23_GPU.xml	1030	seront urbanisées	au cours des décennies à venir	fut		dur
1965-SDAURP_CE_Oct23_GPU.xml	1040	aient été créées	dès l'origine	pas		
1965-SDAURP_CE_Oct23_GPU.xml	1061	ont été réalisées	les plus récentes	pas		dur
1965-SDAURP_CE_Oct23_GPU.xml	1075	a doté Paris intra-muros	il y a un siècle	pas		
1965-SDAURP_CE_Oct23_GPU.xml	1075	l'agglomération de demain	demain	fut		
1965-SDAURP_CE_Oct23_GPU.xml	1091	l'extension de la ville	maintenant	pres		
1965-SDAURP_CE_Oct23_GPU.xml	1126	reformeront chaque jour, chaque semaine, et la trame et la chaîne	chaque semaine			iter
1965-SDAURP_CE_Oct23_GPU.xml	1126	une image vivante et constamment renouvelée	constamment			iter
1965-SDAURP_CE_Oct23_GPU.xml	1130	se forme	quotidiennement	pres		iter
1965-SDAURP_CE_Oct23_GPU.xml	1159	les développements	à venir	fut		
1965-SDAURP_CE_Oct23_GPU.xml	1165	le futur aéroport Nord	futur	fut		
1965-SDAURP_CE_Oct23_GPU.xml	1190	la mise en service complète	pour 1970	fut	oui	
1965-SDAURP_CE_Oct23_GPU.xml	1192	la poussée des constructions	jusqu'à une époque récente	pas		dur
1965-SDAURP_CE_Oct23_GPU.xml	1218	la zone actuellement construite	actuellement	pres		dur
1965-SDAURP_CE_Oct23_GPU.xml	1220	peuvent être conservés	aujourd'hui	pres		
1965-SDAURP_CE_Oct23_GPU.xml	1220	îlots de verdure sans cesse grignotés	sans cesse			dur
1965-SDAURP_CE_Oct23_GPU.xml	1249	Cette industrialisation	date du xixe siècle	pas	oui	
1965-SDAURP_CE_Oct23_GPU.xml	1250	se transforment	Aujourd'hui	pres		dur
1965-SDAURP_CE_Oct23_GPU.xml	1253	de vastes lotissements créés	entre les deux guerres	pas		dur
1965-SDAURP_CE_Oct23_GPU.xml	1254	attend sa réalisation	depuis près de quarante ans	pas		dur
1965-SDAURP_CE_Oct23_GPU.xml	1272	le futur aérodrome	futur	fut		
1965-SDAURP_CE_Oct23_GPU.xml	1274	sera à terme, renforcé	à terme	fut		
1965-SDAURP_CE_Oct23_GPU.xml	1285	doubler	ultérieurement	fut		
1965-SDAURP_CE_Oct23_GPU.xml	1304	la future région urbaine de Paris	future	fut		
1965-SDAURP_CE_Oct23_GPU.xml	1334	des constructions récentes	récentes	pas		
1965-SDAURP_CE_Oct23_GPU.xml	1337	la croissance	des 15 dernières années	pas		dur
1965-SDAURP_CE_Oct23_GPU.xml	1339	les plus grandes opérations de construction de toute la zone ont été réalisées	depuis 1950	pas	oui/non	dur
1965-SDAURP_CE_Oct23_GPU.xml	1353	des extensions récentes	récentes	pas		
1965-SDAURP_CE_Oct23_GPU.xml	1361	verra sa croissance se stabiliser	dans l'avenir	fut		
1965-SDAURP_CE_Oct23_GPU.xml	1366	les développements récents	récents	pas		
1965-SDAURP_CE_Oct23_GPU.xml	1367	une phase de mise en ordre et d'équipement	maintenant	pres		
1965-SDAURP_CE_Oct23_GPU.xml	1372	le développement actuel extrêmement dynamique mais également désordonné du Sud-Ouest de l'agglomération parisienne	actuel	pres		dur
1965-SDAURP_CE_Oct23_GPU.xml	1373	Ce dynamisme	depuis ces dernières années	pas		dur
1965-SDAURP_CE_Oct23_GPU.xml	1403	la dispersion	à terme	fut		
1965-SDAURP_CE_Oct23_GPU.xml	1407	les développements futurs de la rive gauche de Seine en aval de Paris	futurs	fut		
1965-SDAURP_CE_Oct23_GPU.xml	1418	un développement rapide	depuis la guerre	pas		dur
1965-SDAURP_CE_Oct23_GPU.xml	1425	est actuellement peu urbanisée	actuellement	pres		
1965-SDAURP_CE_Oct23_GPU.xml	1444	L'extension de l'agglomération de Mantes	dans les prochaines années	fut		dur
1965-SDAURP_CE_Oct23_GPU.xml	1444	futur ensemble de loisir	futur	fut		
1965-SDAURP_CE_Oct23_GPU.xml	1447	zones industrielles établies	au fur et à mesure de la disparition progressive des champs d'épandage	fut		
1965-SDAURP_CE_Oct23_GPU.xml	1459	les ensembles d'immeubles collectifs construits	depuis dix ans	pas		dur
1965-SDAURP_CE_Oct23_GPU.xml	1461	a depuis longtemps accueilli des habitations de qualité	depuis longtemps	pas		dur
1965-SDAURP_CE_Oct23_GPU.xml	1462	ont été livrés à l'habitat	depuis 15 ans	pas		dur
1965-SDAURP_CE_Oct23_GPU.xml	1464	la future région urbaine	future	fut		
1965-SDAURP_CE_Oct23_GPU.xml	1482	urbanisation	ancienne	pas		
1965-SDAURP_CE_Oct23_GPU.xml	1484	a été peu construit	jusqu'à la dernière guerre	pas		dur
1965-SDAURP_CE_Oct23_GPU.xml	1485	la construction d'immeubles collectifs s'est développée	depuis quinze ans	pas		dur
1965-SDAURP_CE_Oct23_GPU.xml	1488	se sont développées	depuis 1920	pas	oui	dur
1965-SDAURP_CE_Oct23_GPU.xml	1490	développement récent	récent	pas		dur
1965-SDAURP_CE_Oct23_GPU.xml	1510	se constituera	peu à peu	fut		dur
1965-SDAURP_CE_Oct23_GPU.xml	1526	disparaissent	peu à peu	pres		dur
1965-SDAURP_CE_Oct23_GPU.xml	1532	recommencent même à se développer	depuis quelques années	pas		dur
1965-SDAURP_CE_Oct23_GPU.xml	1545	pourront être désaffectés	à terme	fut		
1965-SDAURP_CE_Oct23_GPU.xml	1570	le dynamisme renaît	depuis 15 ans	pas		dur
1965-SDAURP_CE_Oct23_GPU.xml	1587	se sont relativement peu développées	jusqu'à ces dernières années	pas		dur
1965-SDAURP_CE_Oct23_GPU.xml	1587	leur expansion	au cours du xixe siècle	pas	oui	dur
1965-SDAURP_CE_Oct23_GPU.xml	1589	un renouveau de vitalité	Depuis la guerre	pas		dur
1965-SDAURP_CE_Oct23_GPU.xml	1592	le développement futur de ces villes	futur	fut		
1965-SDAURP_CE_Oct23_GPU.xml	1597	une nouvelle étape de l'antique Lutèce	pour la fin du xxe siècle	fut	oui	
1965-SDAURP_CE_Oct23_GPU.xml	1624	les projets en cours de voies nouvelles	en cours	pres		dur
1965-SDAURP_CE_Oct23_GPU.xml	1635	est en surface vingt fois plus grande	Trois siècles et demi plus tard	pres		
1965-SDAURP_CE_Oct23_GPU.xml	1661	l'opération actuelle de la Défense	actuelle	pres		dur
1965-SDAURP_CE_Oct23_GPU.xml	1668	a été doublée	Au xixe siècle	pas	oui	
1965-SDAURP_CE_Oct23_GPU.xml	1668	redoublée	au début du xxe siècle	pas	oui	
1965-SDAURP_CE_Oct23_GPU.xml	1673	les travaux	jusqu'à leur terme	fut		
1965-SDAURP_CE_Oct23_GPU.xml	1690	demain occupera plus de 2.000 km2	demain	fut		
1965-SDAURP_CE_Oct23_GPU.xml	1711	desserrement	après-demain	fut		
1965-SDAURP_CE_Oct23_GPU.xml	1715	ont gardé au cours des siècles beaucoup d'espaces	au cours des siècles	pas		dur
1965-SDAURP_CE_Oct23_GPU.xml	1724	un "bourrage" d'habitat	depuis la guerre	pas		dur
1965-SDAURP_CE_Oct23_GPU.xml	1781	l'évolution urbaine	des vingt dernières années	pas		dur
1965-SDAURP_CE_Oct23_GPU.xml	1783	la future organisation urbaine	future	fut		
1965-SDAURP_CE_Oct23_GPU.xml	1956	300 établissements industriels récemment créés	récemment	pas		
1965-SDAURP_CE_Oct23_GPU.xml	1960	l'ouverture d'un nouvel aéroport	dans une dizaine d'années	fut		
1965-SDAURP_CE_Oct23_GPU.xml	2015	la future organisation urbaine	future	fut		
1965-SDAURP_CE_Oct23_GPU.xml	2029	construit	avant la première guerre mondiale	pas	oui	
1965-SDAURP_CE_Oct23_GPU.xml	2029	n'a guère évolué	jusqu'à une date récente	pas		
1965-SDAURP_CE_Oct23_GPU.xml	2076	a vu le jour	avant 1940	pas	oui	
1965-SDAURP_CE_Oct23_GPU.xml	2077	s'ouvre le premier tronçon de l'autoroute du Sud	1960	pas	oui	
1965-SDAURP_CE_Oct23_GPU.xml	2137	une nouvelle transformation radicale	demain	fut		
1965-SDAURP_CE_Oct23_GPU.xml	2140	remettre en cause, à cette échéance, la forme des villes	à cette échéance	fut		
1965-SDAURP_CE_Oct23_GPU.xml	2140	peut aujourd'hui concevoir	aujourd'hui	pres		
1965-SDAURP_CE_Oct23_GPU.xml	2153	les réseaux de transport futurs	futurs	fut		
1965-SDAURP_CE_Oct23_GPU.xml	2201	ne pourrait être réalisée d'ici à la fin du siècle	d'ici à la fin du siècle	fut	oui	dur
1965-SDAURP_CE_Oct23_GPU.xml	2208	ses futures extensions	futures	fut		
1965-SDAURP_CE_Oct23_GPU.xml	2277	Le réseau routier futur	futur	fut		
1965-SDAURP_CE_Oct23_GPU.xml	2282	des différentes routes futures	futures	fut		
1965-SDAURP_CE_Oct23_GPU.xml	2309	ouvrages à réaliser	à moyen terme	fut		dur
1965-SDAURP_CE_Oct23_GPU.xml	2309	les élargissements futurs	futurs	fut		
1965-SDAURP_CE_Oct23_GPU.xml	2327	la future préfecture d’Évry	future	fut		
1965-SDAURP_CE_Oct23_GPU.xml	2352	le futur axe urbain	futur	fut		
1965-SDAURP_CE_Oct23_GPU.xml	2372	Le réseau routier futur	futur	fut		
1965-SDAURP_CE_Oct23_GPU.xml	2406	la future région urbaine	future	fut		
1965-SDAURP_CE_Oct23_GPU.xml	2411	celle construite récemment	récemment	pas		
1965-SDAURP_CE_Oct23_GPU.xml	2662	devrait s'accroître	d'ici à la fin du siècle	fut		
1965-SDAURP_CE_Oct23_GPU.xml	2673	les vagues successives d'expansion	depuis près d'un siècle	pas		dur
1965-SDAURP_CE_Oct23_GPU.xml	2679	le développement	le moins ancien	pas		
1965-SDAURP_CE_Oct23_GPU.xml	2687	submergés	maintenant	pres		
1965-SDAURP_CE_Oct23_GPU.xml	2691	une évolution continue	depuis le début du siècle	pas		dur
1965-SDAURP_CE_Oct23_GPU.xml	2693	Les mouvements observés	au cours des dernières années	pas		dur
1965-SDAURP_CE_Oct23_GPU.xml	2695	l'exode industriel	Entre les deux derniers recensements de population	pas		
1965-SDAURP_CE_Oct23_GPU.xml	2697	l'évolution récente	récente	pas		dur
1965-SDAURP_CE_Oct23_GPU.xml	2719	l'implantation des industries	jusqu'alors	pas		dur
1965-SDAURP_CE_Oct23_GPU.xml	2757	les futurs centres urbains	futurs	fut		
1965-SDAURP_CE_Oct23_GPU.xml	2758	remplir les nouveaux centres	plusieurs années	fut		dur
1965-SDAURP_CE_Oct23_GPU.xml	2762	peuvent s'implanter rapidement	rapidement	fut		
1965-SDAURP_CE_Oct23_GPU.xml	2795	futures zones urbanisées	futures	fut		
1965-SDAURP_CE_Oct23_GPU.xml	2801	quartiers construits successivement	successivement	fut		
1965-SDAURP_CE_Oct23_GPU.xml	2801	futur centre de la ville	futur	fut		
1965-SDAURP_CE_Oct23_GPU.xml	2807	soient mises en place	dès la naissance des villes nouvelles	fut		
1965-SDAURP_CE_Oct23_GPU.xml	2884	ont grandi	Les siècles ont passé	pas		dur
1965-SDAURP_CE_Oct23_GPU.xml	2885	construire	presque jusqu'au milieu du xxe siècle	pas	oui	dur
1965-SDAURP_CE_Oct23_GPU.xml	2922	des aménagements	dès maintenant	pres		
1965-SDAURP_CE_Oct23_GPU.xml	2949	complété par un auditorium de 3.000 places	éventuellement	fut		
1965-SDAURP_CE_Oct23_GPU.xml	2971	en pleine évolution	Aujourd'hui	pres		
1965-SDAURP_CE_Oct23_GPU.xml	2986	n'a pas été prévue	aux époques - fort anciennes pour certains quartiers, mais parfois très récentes ailleurs - où était possible ce qui ne l'est plus	pas		
1965-SDAURP_CE_Oct23_GPU.xml	2991	la région urbaine de demain	demain	fut		
1965-SDAURP_CE_Oct23_GPU.xml	3028	ce Paris dessiné	en 1965	pres	oui	
2014-Peter_CE_Oct23.xml	48	n’ai d’ailleurs pas réalisé un seul parc ou jardin	en trente ans	pas		dur
2014-Peter_CE_Oct23.xml	66	devenir de la tour Utrillo	devenir	fut		
2014-Peter_CE_Oct23.xml	90	a profondément transformé la ville et son agglomération	dans la durée			dur
2014-Peter_CE_Oct23.xml	140	cette ville du futur	futur	fut		
2014-Peter_CE_Oct23.xml	143	Un lieu ouvert	en 2010	pas	oui	
2014-Peter_CE_Oct23.xml	148	se fera	désormais			
2014-Peter_CE_Oct23.xml	157	la ville de demain	demain	fut		
2014-Peter_CE_Oct23.xml	174	évolutions de la rue	à travers le XX e siècle	pas		dur
2014-Peter_CE_Oct23.xml	176	réaménageons actuellement ce site éventré	actuellement	pres		dur
2004-Portzamparc_CE_Oct23.xml	14	la ville de demain	demain	fut		
2004-Portzamparc_CE_Oct23.xml	62	le Château d’eau étant construit	En 1974	pas	oui	
2004-Portzamparc_CE_Oct23.xml	102	ai construit à cette époque un foyer de personnes âgées	à cette époque	pas		
2004-Portzamparc_CE_Oct23.xml	114	création architecturale intense	après cette période	pas		
2004-Portzamparc_CE_Oct23.xml	114	projets urbains	à partir de 1988	pas		dur
2004-Portzamparc_CE_Oct23.xml	194	déployer un nouveau territoire	au XVIII e siècle	pas	oui	dur
2004-Portzamparc_CE_Oct23.xml	232	ai construit le musée Bourdelle, la tour de Lille, les logements de Fukuoka, au Japon	À cette époque	pas		dur
2004-Portzamparc_CE_Oct23.xml	247	le futur de la ville	futur	fut		
2004-Portzamparc_CE_Oct23.xml	265	n’a été mis à l’alignement des rues	pendant une période précise	pas		dur
2004-Portzamparc_CE_Oct23.xml	292	construisons actuellement une partie d’île divisée en deux	actuellement	pres		dur
2004-Portzamparc_CE_Oct23.xml	330	sont donc, dans le temps, divisibles, vendables, commercialisables	dans le temps	fut		
2004-Portzamparc_CE_Oct23.xml	368	une croissance urbaine	en ces années	pres		dur
2004-Portzamparc_CE_Oct23.xml	378	condominiums réalisés	récemment	pas		
2004-Portzamparc_CE_Oct23.xml	390	une évolution facile	dans la durée	fut		dur
2004-Portzamparc_CE_Oct23.xml	404	le projet Masséna	dans la durée			dur
2004-Portzamparc_CE_Oct23.xml	427	s’ajustaient les uns aux autres	au fil des réalisations	pas		dur
2004-Portzamparc_CE_Oct23.xml	456	la ville de demain	demain	fut		
2013-Vigano_CE_Oct23.xml	7	la construction territoriale	dans le temps long			dur
2013-Vigano_CE_Oct23.xml	25	les petites entreprises installées	années 1990, durant lesquelles	pas	oui	dur
2013-Vigano_CE_Oct23.xml	44	avons réalisée	entre 2005 et 2007	pas	oui	dur
2013-Vigano_CE_Oct23.xml	69	n’a toujours pas évolué	Aujourd’hui	pres		
2013-Vigano_CE_Oct23.xml	69	n’a toujours pas évolué	après quinze ans	pas		
2013-Vigano_CE_Oct23.xml	119	Élaboration d’une vision territoriale métropolitaine	à l’horizon 2040			
2013-Vigano_CE_Oct23.xml	145	Penser l’avenir	l’avenir	fut		
2013-Vigano_CE_Oct23.xml	147	se modifie et se transforme	dans la durée			dur
2013-Vigano_CE_Oct23.xml	221	l’élaboration d’une vision territoriale métropolitaine	à l’horizon 2040	fut		
2013-Vigano_CE_Oct23.xml	273	des basses terres généralement asséchées	dans le passé	pas		
2013-Vigano_CE_Oct23.xml	323	la re-modélisation des terres basses immergées	après le grand assèchement du siècle dernier			
2013-Vigano_CE_Oct23.xml	326	des actions réalisables dès à présent	dès à présent	pres		
2013-Vigano_CE_Oct23.xml	352	l’entretien, la réparation et le remplacement des infrastructures sont effectués régulièrement	régulièrement	fut		dur
2013-Vigano_CE_Oct23.xml	461	les grandes opérations de déviation des rivières	au XVIe siècle	pas	oui	
2013-Vigano_CE_Oct23.xml	461	les travaux de remise en état des terres basses et humides	dans les années 1930 durant la période fasciste	pas	oui	
2013-Vigano_CE_Oct23.xml	488	urbanisation acceptée collectivement	les cent ans	pas		dur
2013-Vigano_CE_Oct23.xml	501	le futur de ce type de relations avec la rivière	futur	fut		
2013-Vigano_CE_Oct23.xml	527	Notre projet, réalisé	durant ces années	pas		dur
2013-Vigano_CE_Oct23.xml	559	l’expérience réalisée	entre 2003 et 2008	pas	oui	dur
2013-Vigano_CE_Oct23.xml	603	réaménagement de la zone d’expansion du fleuve, actuellement en cours	actuellement en cours	pres		dur
2013-Vigano_CE_Oct23.xml	637	l’avenir du bassin de la Durance	l’avenir	fut		
2013-Vigano_CE_Oct23.xml	651	remettre en culture des zones abandonnées	depuis longtemps	pas		dur
2013-Vigano_CE_Oct23.xml	662	la réalisation de l’Appalachian Trail	Dans les années 1920	pas	oui	
2013-Vigano_CE_Oct23.xml	788	a été transformé	Après la guerre	pas		
2013-Vigano_CE_Oct23.xml	797	les transformations futures du domaine	futures	fut		
2013-Vigano_CE_Oct23.xml	805	ne peut se réaliser dans des délais très courts	dans des délais très courts			
2013-Vigano_CE_Oct23.xml	820	Imaginer la ville de demain	demain	fut		
2013-Vigano_CE_Oct23.xml	822	le futur de la ville et de son territoire	futur	fut		
2014-Bonnet_CE_Oct23.xml	53	Le travail	dix ans	pas		dur
2014-Bonnet_CE_Oct23.xml	189	édifiées	jadis	pas		
2014-Bonnet_CE_Oct23.xml	220	la ville de demain	demain	fut		
2014-Bonnet_CE_Oct23.xml	227	le devenir du secteur de Senia (pôle Orly-Rungis)	devenir	fut		
2014-Bonnet_CE_Oct23.xml	267	notre premier projet	en 1994	pas	oui	
2014-Bonnet_CE_Oct23.xml	350	le projet d’Alicante	en 1994	pas	oui	
2014-Bonnet_CE_Oct23.xml	404	évoluera	plus tard	fut		
2014-Bonnet_CE_Oct23.xml	407	un parc aménagé	2012	pas	oui	
2014-Bonnet_CE_Oct23.xml	436	s’installent côte à côte	dès 2020	pas	oui	
2014-Bonnet_CE_Oct23.xml	453	sont édifiés au fur et à mesure de la disponibilité des parcelles	au fur et à mesure de la disponibilité des parcelles			dur
2014-Bonnet_CE_Oct23.xml	503	construisit le Finlandia Hall	pour la conférence internationale de 1975	pas	oui	
2014-Bonnet_CE_Oct23.xml	504	l’implantation de l’opéra, du musée d’art contemporain de Steven Holl et, vingt ans après, celle du philharmonique et de la bibliothèque	trente ans plus tard, il a guidé l’implantation de l’opéra, du musée d’art contemporain de Steven Holl et, vingt ans après, celle du philharmonique et de la bibliothèque	pas		
2014-Bonnet_CE_Oct23.xml	513	le devenir de ces terrains	le devenir	fut		
2014-Bonnet_CE_Oct23.xml	568	ses parcelles se densifier	peu à peu	pas		dur
2014-Bonnet_CE_Oct23.xml	568	« à urbaniser »	avant le nouveau PLU	pas		
2014-Bonnet_CE_Oct23.xml	712	aménager et gérer le site sur la durée	sur la durée			dur
2014-Bonnet_CE_Oct23.xml	729	les mutations de ce site	Depuis vingt ans	pas		dur
2014-Bonnet_CE_Oct23.xml	729	l’arrivée du métro	2004	pas	oui	
2014-Bonnet_CE_Oct23.xml	731	le campus, dessiné par l’architecte René Egger en 1969	en 1969	pas	oui	
2014-Bonnet_CE_Oct23.xml	761	le premier aménagement réalisé, livré en 2014	livré en 2014	pas	oui	
2014-Bonnet_CE_Oct23.xml	854	avaient été réalisées précédemment	précédemment	pas		
2011-Desvigne_CE_Oct23.xml	44	varie en permanence	en permanence	pres		dur
2011-Desvigne_CE_Oct23.xml	84	les deux projets d’Issoudun	Dix ans séparent	pas		
2011-Desvigne_CE_Oct23.xml	86	son étalement récent	récent	pas		
2011-Desvigne_CE_Oct23.xml	90	ses futures extensions	futures	fut		
2011-Desvigne_CE_Oct23.xml	103	l’accueil de futurs quartiers	après une période d’abandon probable de quinze ans			dur
2011-Desvigne_CE_Oct23.xml	103	futurs quartiers	futurs	fut		
2011-Desvigne_CE_Oct23.xml	105	Le quartier futur imaginé	futur	fut		
2011-Desvigne_CE_Oct23.xml	151	restent à l’abandon	vingt à trente ans			dur
2011-Desvigne_CE_Oct23.xml	152	une sorte de jachère périurbaine	dure vingt ans			dur
2011-Desvigne_CE_Oct23.xml	153	agir sans attendre sur le territoire	sans attendre			
2011-Desvigne_CE_Oct23.xml	154	un mode de gestion sur une longue durée	sur une longue durée			dur
2011-Desvigne_CE_Oct23.xml	264	grands étalements urbains	du siècle dernier	pas		dur
2011-Desvigne_CE_Oct23.xml	295	le développement de Washington	de 1901 à 1950	pas	oui	dur
2011-Desvigne_CE_Oct23.xml	321	la ville de demain	demain	fut		
2011-Desvigne_CE_Oct23.xml	337	mettre en place une stratégie d’aménagement	sur un temps long	fut		dur
2011-Desvigne_CE_Oct23.xml	339	l’aménagement futur	futur	fut		
2011-Desvigne_CE_Oct23.xml	340	l’aménagement des territoires	aujourd’hui			
2011-Desvigne_CE_Oct23.xml	413	l’essentiel de cet environnement construit	datant de la seconde moitié du XXe siècle	pas		
2011-Desvigne_CE_Oct23.xml	417	projets de transformations	dans un temps long	fut		dur
2011-Desvigne_CE_Oct23.xml	417	créer un nouveau quartier	une trentaine d’années	fut		dur
2011-Desvigne_CE_Oct23.xml	422	se réalise	Aujourd’hui	pres		
2011-Desvigne_CE_Oct23.xml	424	permet de fabriquer de vastes territoires	dans la durée			dur
2011-Desvigne_CE_Oct23.xml	426	se transforme par strates	Sur une telle durée	pas		dur
2011-Desvigne_CE_Oct23.xml	430	réalise vraiment le réseau des chemins	Plus tard	fut		
2011-Desvigne_CE_Oct23.xml	445	se sont déplacées	Depuis longtemps	pas		dur
2011-Desvigne_CE_Oct23.xml	446	La transformation de la rive droite	durera plusieurs dizaines d’années	fut		dur
2011-Desvigne_CE_Oct23.xml	473	substituer au parc unitaire	Dès 2000	pas		
2011-Desvigne_CE_Oct23.xml	489	la fabrication de la ville	ce temps long			dur
2011-Desvigne_CE_Oct23.xml	492	le futur aménagement	futur	fut		
2011-Desvigne_CE_Oct23.xml	494	fabrication du paysage zéro	Le temps court			dur
2011-Desvigne_CE_Oct23.xml	494	l’aménagement global du site	le temps long			dur
2011-Desvigne_CE_Oct23.xml	497	futurs quartiers	futurs	fut		
2011-Desvigne_CE_Oct23.xml	498	les dessins futurs	futurs	fut		
2011-Desvigne_CE_Oct23.xml	498	le futur campus	futur	fut		
2011-Desvigne_CE_Oct23.xml	501	des quartiers à venir	à venir	fut		
2011-Desvigne_CE_Oct23.xml	504	futur parc potentiel	futur	fut		
2011-Desvigne_CE_Oct23.xml	512	le futur jardin central	le futur	fut		
2011-Desvigne_CE_Oct23.xml	517	sera remplacée plus tard	plus tard	fut		
2011-Desvigne_CE_Oct23.xml	534	a été mis en place	au XIXe siècle	pas		
2011-Desvigne_CE_Oct23.xml	574	la transformation du plateau de Saclay	temps très long	fut		
2011-Desvigne_CE_Oct23.xml	576	édification et de confortement des parcs-campus	Le temps			dur
2011-Desvigne_CE_Oct23.xml	669	petit parc public réalisé	dans les années 1990	pas	oui	dur
2011-Desvigne_CE_Oct23.xml	676	peuvent à terme composer	à terme	fut		
2011-Desvigne_CE_Oct23.xml	685	incorpore dès le début équipements, parcs de stationnement et réserves	dès le début			
2011-Desvigne_CE_Oct23.xml	696	ont traité leurs espaces publics	depuis vingt ans	pas		dur
2011-Desvigne_CE_Oct23.xml	767	la construction de lourdes infrastructures	les vingt dernières années	pas		dur
2011-Desvigne_CE_Oct23.xml	805	La mutation de ce quartier	durera plusieurs années	fut		dur
2018-TER_CE_Oct23.xml	165	sera réalisé	par la suite	fut		
2018-TER_CE_Oct23.xml	197	la future A14	future	fut		
2018-TER_CE_Oct23.xml	197	les infrastructures actuelles et futures	futures	fut		
2018-TER_CE_Oct23.xml	199	des jardins partagés et des émergences architecturales existantes et à venir	à venir	fut		
2018-TER_CE_Oct23.xml	201	l’intervention des architectes et des paysagistes	en amont	pas		
2018-TER_CE_Oct23.xml	207	l’avenir de ce territoire post-industriel	l’avenir	fut		
2018-TER_CE_Oct23.xml	211	cette future métropole	future	fut		
2018-TER_CE_Oct23.xml	213	futur projet	futur	fut		
2018-TER_CE_Oct23.xml	249	au linéaire de quais industriels devenus peu à peu friches	peu à peu	pas		dur
2018-TER_CE_Oct23.xml	257	un plein essor	dans les années trente	pas	oui	dur
2018-TER_CE_Oct23.xml	258	est en pleine renaissance	Aujourd’hui	pres		dur
2018-TER_CE_Oct23.xml	272	mener à terme la réalisation	deux ans plus tard	pas		
2018-TER_CE_Oct23.xml	275	espace déjà réaménagé	lors de la grande époque de la revitalisation de l’espace public barcelonais	pas		
2018-TER_CE_Oct23.xml	296	un vaste processus de réaménagement de la rive droite du fleuve Huangpu	Depuis 2016	pas	oui	dur
2018-TER_CE_Oct23.xml	297	des berges jusqu’ici peu aménagées	jusqu’ici	pas		dur
2018-TER_CE_Oct23.xml	303	quartiers en devenir	en devenir	fut		
2018-TER_CE_Oct23.xml	309	la création d’un parking souterrain	dans les années cinquante	pas	oui	
2018-TER_CE_Oct23.xml	325	la ville écologique du futur	futur	fut		
2018-TER_CE_Oct23.xml	328	son urbanisation à venir	à venir	fut		
2018-TER_CE_Oct23.xml	334	organiser son avenir	avenir	fut		
2018-TER_CE_Oct23.xml	340	nombreux aménagements attractifs futurs	futurs	fut		
2018-TER_CE_Oct23.xml	348	l’avenir de l’infrastructure routière périphérique	l’avenir	fut		
2018-TER_CE_Oct23.xml	349	la coupure infrastructurelle introduite	dans les années soixante	pas	oui	
2018-TER_CE_Oct23.xml	368	Les actions sur les grands territoires	de très longues durées			dur
2018-TER_CE_Oct23.xml	395	générant immédiatement de nouveaux cheminements, de nouveaux espaces publics en réseau	immédiatement			
2018-TER_CE_Oct23.xml	474	futurs projets urbains	futurs	fut		
2018-TER_CE_Oct23.xml	495	se modifie	au fur et à mesure de l’intégration des « campagnes habitées » à ses processus de décision et de fabrication	pres		dur
2018-TER_CE_Oct23.xml	553	prolongée	en 2000	pas	oui	
2018-TER_CE_Oct23.xml	565	la ville-parc du Vésinet initiée au milieu du xixe siècle	au milieu du xixe siècle	pas	oui	
2018-TER_CE_Oct23.xml	566	futur quartier	futur	fut		
2018-TER_CE_Oct23.xml	577	futur quartier	futur	fut		
2018-TER_CE_Oct23.xml	621	subissent depuis lors inondations et sécheresse	depuis lors	pas		dur
2018-TER_CE_Oct23.xml	682	reconversion	à terme	fut		
2018-TER_CE_Oct23.xml	699	devenue carrefour stratégique	depuis la réalisation du quartier 22@	pas		
1958-padog_CE_Oct23_GPU.xml	2	se sont accrus	Depuis 1880	pas	oui	dur
1958-padog_CE_Oct23_GPU.xml	4	l’embellissement de Paris	au cours de notre histoire	pas		dur
1958-padog_CE_Oct23_GPU.xml	4	n’ont ajouté à « la plus belle ville du monde » qu’une banlieue indifférenciée, sans style et sans âme	les cent dernières années	pas		dur
1958-padog_CE_Oct23_GPU.xml	8	se prépara puis s’accomplit le renouveau de la France	Après dix années sombres			
1958-padog_CE_Oct23_GPU.xml	11	doit évoluer le Paris futur	futur	fut		
1958-padog_CE_Oct23_GPU.xml	18	devenir au cours des 80 dernières années cette agglomération géante	au cours des 80 dernières années	pas		dur
1958-padog_CE_Oct23_GPU.xml	23	se sons basties	depuis vingt ans	pas		dur
1958-padog_CE_Oct23_GPU.xml	23	se bastissent	encores de nouveau chaque jour	pres		dur
1958-padog_CE_Oct23_GPU.xml	31	l’accroissement continuel et de l’augmentation de « la grande ville	A cette époque	pas		
1958-padog_CE_Oct23_GPU.xml	36	l’extension des limites à l’intérieur desquelles on percevait l’impôt	En 1785	pas	oui	
1958-padog_CE_Oct23_GPU.xml	41	est intégrée	en 1859	pas	oui	
1958-padog_CE_Oct23_GPU.xml	42	s’accroîtra	En moins de 80 ans	pas		dur
1958-padog_CE_Oct23_GPU.xml	51	La démolition des anciennes fortifications de la Capitale	achevée en 1930	pas	oui	
1958-padog_CE_Oct23_GPU.xml	132	les opérations	au cours des prochaines années	fut		dur
1958-padog_CE_Oct23_GPU.xml	133	l’avenir de la Région	l’avenir	fut		
1958-padog_CE_Oct23_GPU.xml	162	certaines opérations	à long terme			dur
1958-padog_CE_Oct23_GPU.xml	162	n’ont pu être étudiées et matérialisées	dès à présent	pres		
1958-padog_CE_Oct23_GPU.xml	162	puissent ainsi être réalisées	le moment venu			
1958-padog_CE_Oct23_GPU.xml	173	La concentration industrielle	à partir du XIXe siècle	pas		dur
1958-padog_CE_Oct23_GPU.xml	184	son accroissement particulièrement rapide	depuis la fin du XIXe siècle	pas		dur
1958-padog_CE_Oct23_GPU.xml	190	nouveaux groupes d'habitation terminés	depuis cette date	pas		dur
1958-padog_CE_Oct23_GPU.xml	292	l’agglomération de demain	demain	fut		
1958-padog_CE_Oct23_GPU.xml	297	se soit développé	au cours des siècles	pas		dur
1958-padog_CE_Oct23_GPU.xml	298	Des tracés importants apparus	sous Napoléon Ier	pas		
1958-padog_CE_Oct23_GPU.xml	349	réalisations	au cours des derniers siècles	pas		dur
1958-padog_CE_Oct23_GPU.xml	415	675 opérations de décentralisation	1er octobre 1950 au 1er juin 1960	pas	oui	dur
1958-padog_CE_Oct23_GPU.xml	433	un développement considérable des nouvelles activités à caractère scientifique, principalement centres de recherches et laboratoires d’études de toute nature	depuis la guerre	pas		dur
1958-padog_CE_Oct23_GPU.xml	434	De telles créations ne pourraient-elles pas trouver place	à l’avenir	fut		
1958-padog_CE_Oct23_GPU.xml	443	prévoir les nouveaux établissements universitaires indispensables	au cours des prochaines années	fut		dur
1958-padog_CE_Oct23_GPU.xml	447	le développement très important du secteur tertiaire	au cours de ces dernières années	pas		dur
1958-padog_CE_Oct23_GPU.xml	474	doivent être réalisés	dans les prochaines années	fut		dur
1958-padog_CE_Oct23_GPU.xml	477	pourront-elles y être implantées	simultanément			
1958-padog_CE_Oct23_GPU.xml	478	s’y développent	spontanément			
1958-padog_CE_Oct23_GPU.xml	595	pouvoir être réalisés successivement dans le temps	successivement dans le temps	fut		iter
1958-padog_CE_Oct23_GPU.xml	599	toutes réalisations de cette importance qui s’échelonneront	suivant une période plus ou moins longue	fut		dur
1958-padog_CE_Oct23_GPU.xml	605	son développement	jusqu’à présent	pas		dur
1958-padog_CE_Oct23_GPU.xml	619	un transfert de ces installations aéronautiques	dans l’avenir	fut		
1958-padog_CE_Oct23_GPU.xml	639	le futur Parc de La Courneuve	futur	fut		
1958-padog_CE_Oct23_GPU.xml	654	certains ensembles réalisés	Au cours des dernières années	pas		dur
1958-padog_CE_Oct23_GPU.xml	683	la construction dans PARIS même de grands édifices publics	au cours des dernières années	pas		dur
1958-padog_CE_Oct23_GPU.xml	684	les possibilités d’avenir de cette Région	avenir	fut		
1958-padog_CE_Oct23_GPU.xml	727	l’évolution future de la Région Parisienne	future	fut		
1958-padog_CE_Oct23_GPU.xml	739	la cadence actuelle de destruction	actuelle	pres		dur
1958-padog_CE_Oct23_GPU.xml	743	pourrait être réalisé	dans un délai de 15 ans	pas		dur
1958-padog_CE_Oct23_GPU.xml	745	le remplacement	dans les plus brefs délais	pas		
1958-padog_CE_Oct23_GPU.xml	746	un étalement	sur une période de 15 ans	pas		fut
1958-padog_CE_Oct23_GPU.xml	753	les 427.000 logements neufs réalisés	depuis la guerre	pas		dur
1958-padog_CE_Oct23_GPU.xml	754	les 60.000 logements insalubres et les 160.000 logements vétustes supposés reconstruits	assez rapidement	pas		
1958-padog_CE_Oct23_GPU.xml	785	l’effort considérable de construction	depuis quelques années	pas		dur
1958-padog_CE_Oct23_GPU.xml	786	69.000 logements terminés	en 1957	pas	oui	
1958-padog_CE_Oct23_GPU.xml	792	un volume de construction de 60.000 logements par an à soutenir	pendant 10 ans			dur
1958-padog_CE_Oct23_GPU.xml	798	la rénovation de l’habitat parisien	dans les prochaines années	pas		dur
1958-padog_CE_Oct23_GPU.xml	821	ces opérations	dans les prochaines années	pas		dur
1958-padog_CE_Oct23_GPU.xml	842	tous les terrains qui sont ainsi susceptibles d’être urbanisés	dans les prochaines années	fut		dur
1958-padog_CE_Oct23_GPU.xml	896	les concentrations réalisées	à la fin du XIXe siècle	pas	oui	dur
1958-padog_CE_Oct23_GPU.xml	1004	La réalisation de cette prévision	la deuxième moitié du XXe siècle	fut	oui	dur
1958-padog_CE_Oct23_GPU.xml	1023	Aucune transformation importante	depuis les grandes opérations de voirie réalisée par HAUSSMANN ou ses successeurs	pas		
1958-padog_CE_Oct23_GPU.xml	1025	l’autoroute de l’Ouest mise en service	depuis la guerre	pas		
1958-padog_CE_Oct23_GPU.xml	1075	devant être dans l’avenir le grand terrain d’aviation de la Région Parisienne	dans l’avenir	fut		
1958-padog_CE_Oct23_GPU.xml	1076	un certain nombre d’opérations	depuis plusieurs années	pas		dur
1958-padog_CE_Oct23_GPU.xml	1082	remplacer ultérieurement l’aéroport du BOURGET	ultérieurement	fut		
1958-padog_CE_Oct23_GPU.xml	1084	L’avenir de cet aérodrome	L’avenir	fut		
1958-padog_CE_Oct23_GPU.xml	1096	centres d’activité, actuels ou futurs	futurs	fut		
1958-padog_CE_Oct23_GPU.xml	1119	l’évolution future de la Région Parisienne	future	fut		
1958-padog_CE_Oct23_GPU.xml	1143	la voie des réalisations	sur une période qui ne devrait pas excéder 5 ans	fut		dur
1958-padog_CE_Oct23_GPU.xml	1178	Les Halles Centrales construites	il y a 100 ans	pas	oui	
1958-padog_CE_Oct23_GPU.xml	1209	étudié depuis de longues années	actuellement	pres		dur
1958-padog_CE_Oct23_GPU.xml	1310	un futur stade de 100.000 places	futur	fut		
1958-padog_CE_Oct23_GPU.xml	1316	son prolongement	ultérieurement	fut		
1958-padog_CE_Oct23_GPU.xml	1350	la poursuite des travaux en cours	en cours	pres		dur
1958-padog_CE_Oct23_GPU.xml	1376	Les centrales thermiques et les couloirs de lignes à très hautes tension, existants ou projetés	à ce jour	pres		
1958-padog_CE_Oct23_GPU.xml	1409	un futur parc olympique	futur	fut		
1958-padog_CE_Oct23_GPU.xml	1470	une action coordonnée dans les prochaines années des différentes initiatives publiques ou privées	dans les prochaines années	fut		dur
1958-padog_CE_Oct23_GPU.xml	1513	des opérations	dans un délai pouvant atteindre ou même dépasser 10 ans	fut		dur
1958-padog_CE_Oct23_GPU.xml	1575	construction de logements	pour les 10 prochaines années	fut		dur
1958-padog_CE_Oct23_GPU.xml	1581	devraient pouvoir être réservés et acquis	dès maintenant	pres		
1958-padog_CE_Oct23_GPU.xml	1593	monuments légués	par les siècles passés	pas		dur
1958-padog_CE_Oct23_GPU.xml	1596	d’autres grandes opérations d’urbanisme	Demain	fut		
1958-padog_CE_Oct23_GPU.xml	1644	l’industrialisation de la banlieue	le dernier tiers du XIXe siècle et	pas	oui	dur
1958-padog_CE_Oct23_GPU.xml	1654	l’extension tentaculaire limitée volontairement par les «périmètres d’agglomération», approuvés en 1939, a été effectivement arrêtée	Depuis 1950	pas	oui	dur
1958-padog_CE_Oct23_GPU.xml	1839	implantations récentes d’importants groupes d’habitations	récentes	pas		
1958-padog_CE_Oct23_GPU.xml	2012	675 opérations de décentralisation	pendant la période du 1er Octobre 1950 au 1er Juin 1960	pas+pres+fut	oui	dur
1958-padog_CE_Oct23_GPU.xml	2035	peuvent être réalisées	après exploitation de gisements de sable			
1958-padog_CE_Oct23_GPU.xml	2035	peuvent être réaménagés	après enlèvement du sable			
1958-padog_CE_Oct23_GPU.xml	2042	Le développement des industries secondaires s’est poursuivi	depuis la fin du XIXe siècle	pas	oui	dur
1958-padog_CE_Oct23_GPU.xml	2056	s’est développée	depuis la guerre	pas		dur
1958-padog_CE_Oct23_GPU.xml	2268	premières réalisations de zones d’activités	au fur et à mesure	fut		dur
1958-padog_CE_Oct23_GPU.xml	2273	pourront être adaptées suivant l’évolution générale du problème des activités dans les prochaines années et étendues	dans les prochaines années	pas		dur
1958-padog_CE_Oct23_GPU.xml	2309	ce développement déjà particulièrement sensible	depuis la guerre	pas		dur
1958-padog_CE_Oct23_GPU.xml	2322	Grands magasins, services administratifs, bureaux d’études ou de recherches, centres universitaires et culturels de tous ordres, théâtres, installations sportives, etc. appelés à se développer	au cours des années à venir	pas		dur
1958-padog_CE_Oct23_GPU.xml	2426	aient été construits	depuis la Libération	pas		dur
