Unnamed: 0|sentence|dynamic|annotation
322|La décision d’installer à Masséna l’Université Paris VII renforcera cette logique.|1|1
317|Ici, la relecture de la rue est fondée sur l’idée d’accueillir des bâtiments autonomes, et de l’ouvrir sur l’intérieur des îlots.|1|1
380|Même si certains projets se déploient sur de plus grands territoires, le champs dans lequel je travaille est à l’échelle du quartier, de tout ce qui se tisse entre voiries, rues, routes, groupes de bâtiments et espaces publics.|1|1
20|Vers 1970, j’ai participé aux recherches du groupe de psychosociologie réuni par Jacqueline Palmade et Françoise Lugassy sur le vécu des habitants des quartiers nouveaux.|1|0
326|L’objectif de densité est élevé, afin que la SEMAPA puisse équilibrer son bilan.|0|0
94|Or, je ne voulais pas que ce retour du travail au cas par cas devienne une régression passéiste.|0|0
368|Quand les architectes ont eu à traiter deux angles et trois rues, sous la forme d’une combinaison de plusieurs bâtiments, ils avaient beaucoup de marge et, visiblement, cela les amusait, de donner forme à des logements qui ont des vues un peu dans tous les sens.|1|1
245|On ne peut plus dire : « Tous les chemins mènent à Rome ».|0|0
204|Et cela, précisément, aucun modèle historique ne nous aide à le regarder.|0|0
283|J’ai pris conscience de l’ampleur du phénomène en Chine fin 2003, à l’occasion d’un concours où nous sommes retenus pour un très grand quartier de Pékin.|0|0
335|Mais alors que, seule, la règle de l’îlot ouvert suffisait aux futurs architectes pour faire leur projet d’îlot entier, j’ai dû pré-organiser les îlots pour permettre à plusieurs opérations d’y entrer sans conflits.|1|1
224|Plus loin, nous sommes coordinateurs d’autres îles, divisées en plusieurs opérations privées.|1|1
241|Dans la logique nouvelle des grandes acquisitions foncières et la spécialisation fonctionnelle et commerciale de grands territoires privés, on assiste, dans beaucoup de pays, au phénomène d’une ville qui se construit par poches.|1|1
261|Je pars de la trame urbaine existante pour la continuer en essayant de trouver un moyen économique de créer des rues, tout en laissant une grande liberté d’occupation des îlots privés.|1|1
249|On parle beaucoup d’aménagements durables.|1|0
264|Le projet vise à créer un grand ensemble exemplaire, aux usages multiples, où espaces publics ou privés, ouverts ou fermés, cohabiteraient autour d’une esplanade publique dominant la rivière.|1|1
175|Je choisis de démolir une petite barre, de bâtir deux immeubles-villa qui rétablissent la lecture de l’alignement sur rue, de créer un nouveau cœur d’îlot privatisé, de redonner une dignité d’habitation aux barres en apportant des loggias et des halls d’entrée.|1|1
227|J’ai renoncé à construire ces îlots vu les délais que demandaient les promoteurs.|1|1
67|Mais je me méfiais par-dessus tout de faire un projet générique, de proposer la clé qui ouvre tout, le nouveau modèle, comme Le Corbusier l’avait fait.|1|1
265|Plutôt qu’un énorme projet fixé, je propose là un plan d’urbanisme vertical, dans une démarche semblable à celle des « parcellaires tridimensionnels » de Masséna, c’est-à-dire que je montre que différentes architectures verticales pourraient se construire là, en poursuivant la trame des îlots et des rues de Manhattan, mais en l’ouvrant de transparences.|1|1
104|Le principe est de ne pas prédéfinir les volumes et les implantations ou, du moins, de laisser une bonne marge d’interprétation à leur conception.|0|0
18|Mais j’étais sans cesse ému par l’espèce de force urbanistique de la ville.|0|0
231|Dans la ZAC de la Porte d’Asnières, je reprends le thème de l’espace central que j’avais mis en jeu à la Roquette et que l’on retrouve aussi dans un projet pour le secteur IV de Marne-la-Vallée (1989) : le vide central, qui peut être une nature pré-existante ou un jardin constitué, forme la base du plan stratégique suivant lequel va s’organiser l’architecture.|1|1
22|Il y avait une approche pluridisciplinaire avec des sociologues, des épistémologues, des psychanalystes, des économistes.|0|0
208|Et je crois à la vertu relative de l’expérimentation et de la pluralité.|0|0
50|Et comment elle peut transformer positivement cette ville.|1|1
72|Par exemple un concours pour un foyer de personnes âgées rue du Montparnasse (La Maison des Artistes, 1982), un autre rue Singer à Paris (1982), la ZAC Saussure (1983), toujours à Paris.|0|1
341|Pour les bureaux, la transparence centrale devient atrium ou hall traversant.|0|1
279|Pékin (Chine), Beijing logistic port Commande directe d’un groupe de promoteurs locaux pour 1 million de m2.|0|1
131|Une grande trouée large de 60 mètres de large, dans l’axe de la plus haute tour du centre-ville de Nantes, permet de percevoir l’ensemble à grande échelle, de se l’approprier physiquement.|0|1
73|Mais ces gammes sur l’îlot ouvert ont beaucoup contribué à nourrir ma réflexion théorique.|1|0
141|Mon idée était que les preneurs venaient avec leur programme, leur esquisse architecturale et leur demande de surface.|0|1
7|Il se trouve que Beaudouin portait un grand intérêt à l’urbanisme et à l’histoire de la ville.|0|0
4|J’ai souvenir d’être allé visiter le quartier du Rheu, urbanisé par Gaston Bardet, l’anti-Corbu.|1|0
80|Je ne sépare pas une façon de penser l’architecture pour transformer la ville, d’une vision de la ville sans laquelle je ne peux penser l’architecture d’une manière féconde, y compris pour son organisation interne.|1|1
157|Localement, on retrouve le travail sur l’îlot ouvert, avec une typologie qui varie en fonction des programmes.|0|1
274|Nous nous associons avec le paysagiste Michel Péna, pour une longue étude de définition.|0|0
47|J’avais conçu le projet de La Roquette comme un manifeste pour l’espace, pour le vide comme forme dans la ville, à une époque où on ne voyait que l’objet – qu’il soit bâti ou sorti d’usine.|1|1
170|Il s’agit de transformer des immeubles « à vue », sans déménager leurs habitants, tout en menant un travail sur la forme des espaces du quartier autant que sur les bâtiments, les halls, les façades et les intérieurs.|1|1
21|À ce moment là, il y avait à Paris une effervescence.|0|0
145|[5] Hippodamienne: du nom de l’architecte grec Hippodamos (494-479 avant J.-C.) auquel est attribué le plan en damier de la ville de Milet.|0|0
64|Pendant les Hautes Formes, je commence un concours pour Cergy-Pontoise que je ne rendrai pas mais j’y travaille cette idée de penser, à grande échelle, ces îlots ouverts.|0|1
173|On a donc deux villes antagonistes que le projet va « hybrider ».|1|1
166|Au centre du parc, où se trouve déjà l’immeuble de la Communauté Urbaine, je proposais une « île bâtie », réunissant le centre de congrès demandé et les bureaux de la communauté urbaine.|1|1
299|On peut imaginer une part d’aléatoire et, dans la durée, une évolution facile, car chaque immeuble donne sur une rue.|1|0
118|Son espace est parfaitement sensible en dépit de la discontinuité des façades.|0|0
106|Cet aléatoire tend vers une ville accueillante à la mixité des usages et des fonctions.|0|1
287|Pour que les promoteurs envisagent un autre modèle, je m’emploie à imaginer avec eux l’avenir potentiel des condominiums réalisés récemment.|1|1
66|J’avais pensé, il faut le dire, à la fin des années soixante-dix, faire une sorte de projet de ville utopique, théorique avec ses îlots ouverts.|1|0
148|De la même façon, au XVIII e siècle, le Cours Mirabeau avait permis de déployer un nouveau territoire le long de la ville médiévale.|1|1
78|Ce sont de grands sites, qui induisent de nouveaux espaces publics et des architectures.|1|1
336|Nous avons fait un « parcellaire tridimensionnel », c’est-à-dire un cadre volumétrique constructible plus grand que le volume nécessaire à chaque programme.|1|1
318|Finie, la continuité fermée de sa paroi qui fût son caractère le plus marquant.|0|0
262|Pour prouver que cela n’est pas une sophistication irréaliste sur le plan économique, je montre des îlots dans lesquels on a installé des bâtiments types existant dans Sao Paulo, des basiques « sans qualité ».|1|1
221|Bien sûr, l’habitat que l’on installe va tout changer, mais nous aurons tenté d’urbaniser cette campagne en douceur au lieu de plaquer sur elle un plan d’urbanisme.|1|1
138|Ces îlots construisent les rues, autonomisent les bâtiments et accueillent le plus large aléatoire.|1|1
252|Ces « bolsas » d’Amérique latine, de Chine ou d’ailleurs, ne seront pas évolutives, impossible à revendre en morceau faute d’indépendance des parties alors que dans les villes, tous les îlots sont indéfiniment réappropriés, divisés ou unifiés.|1|1
237|Dans ce projet, les rives forment un front bâti, unifié en une seule paroi dont la silhouette intègre de petites tours et dégage des vues sur la colline de Meudon.|1|1
84|À l’époque, certains disaient qu’il ne fallait plus faire d’urbanisme, au sens où il ne fallait plus encadrer l’architecture ; que c’était académique.|0|0
309|Page de gauche: perspectives sur les rues, étroites mais néanmoins lumineuses; état d’avancement du quartier en 2004.|0|0
108|Je suis très opposé à ce postulat maintes fois répété selon lequel l’architecture représenterait l’évolution, le changement des modes, tandis que la ville, elle, incarnerait la permanence.|1|1
339|L’architecte Philippe Pargade, par exemple, l’a utilisée pour répondre avec deux bâtiments – l’un en verre, l’autre en zinc – entre lesquels passe le jour du Sud.|0|0
30|Ceci m’a conduit à un projet de recherche pour le Corda [1], sur ce que j’appelais « Les unités signifiantes dans la ville ».|0|0
68|J’avais une méfiance profonde de la naïveté planificatrice face à la complexité de la ville.|0|0
0|﻿Adolescent, je ne séparais pas clairement mon intérêt pour la peinture, pour la sculpture de celui que je portais à la ville, les villes, que j’avais habitées, traversées, enfant.|0|1
150|J’ai invité ces tours dans la danse pour imaginer un mini downtown.|1|0
33|J’aimais l’ambition utopique de Candilis, avec ses trames, ses réseaux : une casbah industrialisée.|0|0
297|Je dirais même amusant, car elle nous conduit à faire des îlots ouverts pour réussir à faire des rues Nord-Sud vraiment constituées.|1|1
96|Les îlots peuvent devenir des îles dans la verdure, comme à Montpellier.|1|1
139|Pour cela, à l’atelier, nous avons testé un grand nombre des programmes variés qui avaient été demandés à l’aménageur : écoles de haut niveau, laboratoires, habitat...|0|0
354|Ainsi, l’un des objectifs importants de l’îlot ouvert est de donner plus de plaisir aux architectes, parce que l’architecture sera plus savoureuse.|0|0
273|C’est un véritable puzzle de terrains, pour partie occupés, alors que l’on prévoit d’y construire 500 000 m2 et un parc de 12 hectares...|1|1
278|Ces petits quartiers ménagent des jardins et des rues intérieures, mais aussi des « fenêtres » et des « portes » sur le parc grâce à leurs périmètres ouverts.|1|1
333|Pour assurer des vues dégagées pour tous, les îlots s’ajustaient les uns aux autres au fil des réalisations, notamment selon une règle qui évite « l’effet corridor » dans les rues, en jouant de quinconce.|1|1
153|Nous avons ensuite travaillé, à Toulouse, sur un grand morceau de la ville intramuros, le long du Canal du Midi.|0|1
101|De cette période de la fin des années quatre-vingt, je retiens surtout la prise en compte de l’aléatoire avec risque, plaisir, confiance et méthode.|0|0
24|Il fallait bien s’occuper des villes.|1|0
253|Les îlots ont des accès publics sur tous leurs côtés, et ils sont donc, dans le temps, divisibles, vendables, commercialisables en morceaux reconstructibles.|1|1
246|Le nouveau découpage marchand, connecté directement sur la trame des voies rapides, est délié de la trame urbaine et, souvent, des transports en commun.|0|1
87|Avec Atlanpole, je vais enfin pouvoir dessiner un projet issu de la trame d’îlots ouverts à laquelle j’avais pensé pour Cergy.|1|0
191|Nous avions hérité de cette longue histoire qui s’est toujours identifiée au concept de la rue, et de la ville des « objets bâtis » de la période moderne qui, pendant trente ans, s’était affirmée contre la première.|0|1
107|Il est aussi un moyen d’ouvrir théoriquement un champ de liberté à des architectures qui peuvent se côtoyer, exister chacune dans leur individualité, et pourtant être assemblées par l’unité volumétrique de la rue. Cet accueil calculé de l’inconnu répond à une question moderne, celle de l’entropie, de l’éclatement architectural, de la disparité sans fin des egos des architectes, des propositions individuelles et des « styles », toujours perçue comme la fin de l’unité et de la cohérence de la Ville et, partant de la communauté|1|1
362|Ces ateliers se tiennent régulièrement, souvent en présence des promoteurs et des aménageurs.|0|1
216|Dès le début, j’ai souhaité préserver les vignes, les oliviers, les fermes : si l’on vient habiter là, c’est pour trouver non pas des qualités de centre-ville, mais des qualités propres à la périphérie.|1|1
236|En 1995, à l’invitation de Renault qui organise une consultation pour l’île Seguin, je fais un projet avec la volonté de préserver à l’île son image exceptionnelle d’île-bateau.|1|1
134|Ces structures physiques fondent une compréhension de la ville, en donnent la mesure dans le grand territoire, permettent une perception forte, évidente du site urbain dans sa grande dimension.|0|1
185|Ils semblaient dire : « Le modèle moderne a échoué, oublions cette parenthèse dans l’histoire, revenons à la ville de toujours qui a fait ses preuves ».|1|1
59|Mais sur le plan de la conception et de la perception de l’espace, sur le rôle du temps, j’étais en opposition avec Team X : pour moi, l’îlot, est une partition de vide et de matière bâtie, alors qu’ils amoncelaient plutôt des cellules.|0|1
229|Et en 1994 et 1996, je participe à deux consultations pour des secteurs opérationnels dans Paris : le quartier Masséna à Paris-Rive-Gauche, et la Porte d’Asnières.|0|1
384|Lorsqu’on construit un bâtiment, on maîtrise à quatre-vingt dix pour cent ce que l’on veut faire.|1|0
338|Il autorise une liberté pour jouer avec les volumes, les formes, et les orienter dans la direction choisie.|0|1
164|Pour moi, il s’agissait de profiter de ce vide, non pas pour le remplir de constructions et fusionner tout le territoire urbain – ce qui était l’idée retenue – mais pour offrir là une perception de cette ville duelle, du territoire urbain à grande échelle, tout en faisant une entrée de ville.|1|1
1|Je voyais Rennes se transformer spectaculairement.|1|1
98|À Bordeaux, avec le travail sur le Port de la Lune [4], je m’intéresse à un nouveau centre linéaire, long de quatre kilomètres, et à la lisibilité de la ville, à l’effet de présence des espaces et de l’architecture.|1|1
156|Les allées structurent la ville à grande échelle.|1|1
300|Le quartier est donc maillé de rues publiques dont certaines sont déjà adoptées par les services d’urbanisme de la ville.|0|1
388|Un aspect merveilleux des villes réside dans ce fait qu’elles rassemblent une totalité d’hommes dans leur incroyable diversité, leur singularité, au sein d’une forme, d’une atmosphère.|0|0
57|Sur le plan de la logique, je me trouvais dans une certaine continuité de méthode avec le Team X de Candilis et des Smithson.|0|0
37|À cette occasion, nous nous sommes promenés à travers l’Europe, de Gênes à Amsterdam, pour analyser et étudier des aménagements de lieux publics.|1|1
53|Il s’agit de penser que le lieu comme résultat vécu, comme ambiance totale, compte toujours plus que l’objet bâti, même si je prends en compte la question de l’objet.|0|0
243|La ville se divise en grands camps.|1|1
277|On retrouve dans cette étude, à travers ces plots en damier, l’idée d’archipel.|0|0
379|Je ne suis pas dans un autre sujet lorsque je conçois des îlots ouverts à Montréal ou à Boulogne, ni lorsque je travaille l’intérieur d’un îlot fermé, comme à l’ambassade de Berlin.|1|1
171|On a en effet ici, dans ce quartier, l’urbanisme de barres de l’époque moderne, sans îlot, maladroitement installé sur l’urbanisme de rue de l’histoire classique.|1|1
128|Je mène donc d’abord un travail sur le rapport ville-campagne, la perception à grande échelle, en constituant des « îles » bâties, posées « à bords francs » sur les grands espaces de campagne et de marais écologiquement intéressants, et en préservant les villages existants.|1|1
39|Il s’agit de recomposer en rond-point la rencontre d’une avenue et d’un échangeur routier.|1|1
211|Même si l’urbain signifie maintenant l’incertain, l’instable, l’éclatement et une part accrue d’« immaîtrisable », il faut dégager des scénarios spécifiques et des méthodes récurrentes.|1|1
259|Dans ce projet, je cherche avant tout à assurer la continuité du territoire urbain, à éviter les grandes enclaves.|1|1
13|Les principes de la Charte d’Athènes commençaient alors à me sembler schématiques.|0|0
350|Il est beaucoup plus intéressant et motivant pour un architecte de concevoir des volumes entiers plutôt que de travailler seulement une façade entre deux mitoyens.|1|0
28|Il m’apparaissait que l’essentiel dans la ville, dans la perception de l’architecture et des lieux, ne passe pas par le langage.|0|0
314|Masséna est donc une « expérimentation » sérieuse, qui tente de trouver une réponse au programme, au contexte, à notre époque, à partir de notre héritage historique contradictoires : la rue d’une part, l’immeuble autonome « moderne » de l’autre.|1|1
295|L’enjeu est d’abord de réussir à créer des rues, des îlots, une partition d’espaces privés dans un réseau viaire public, en dépit de la loi d’ensoleillement drastique qui conduit partout en Chine à des immeubles éloignés les uns des autres, suivant les préceptes de la Charte d’Athènes.|1|1
121|Éclairant mieux les rues, on peut donc les tracer plus étroites.|1|1
27|Son application à l’architecture, parfois brillante, me paraissait pourtant abusive : là encore, la dimension centrale de l’espace échappait au discours.|0|0
270|Cette trame viaire est l’élément générateur du projet, elle permet d’introduire la dimension du temps : en elle, le temps s’est déjà inscrit, déposé.|0|0
367|Par principe, dans ce rôle, je n’interviens pas sur le « style » architectural, mais sur des matériaux, des couleurs, les rapports des grilles, des murets, des entrées de parking.|0|1
316|La rue a toujours permis de régler le rapport des individus et des bâtiments spécifiques à la collectivité dans une forme une et continue.|0|0
60|Mais elles refusaient l’histoire, la géographie, l’existant, cette accumulation d’objets supposait des sites vierges.|0|0
92|Dans le domaine de l’urbanisme, le retour du contingent dans l’époque moderne, qui était synonyme de son élimination, devient grandiose.|0|1
293|Voilà pourquoi je suis pour un nouvel îlot, pour la rue, pour une ville ouverte au jeu du temps.|1|1
365|Avec le recul, je pense qu’il aurait fallu être plus directif sur un certain nombre de données concernant les rez-de-chaussée.|0|0
135|Mais la grande nouveauté d’Atlanpole réside dans le fonctionnement des îlots.|0|1
178|Pendant deux ans, j’irais au Japon tous les deux mois : conférences, réunions de chantier, expositions, débats...|0|0
390|Politiquement, économiquement, dans l’imaginaire, le futur est limité au temps du retour sur investissement.|0|0
282|Le processus est toujours le même : pour une opération sur un territoire donné, on met au point un type d’immeuble – barre ou tour – très bien conçu à l’intérieur, puis on le répète, toujours tourné vers le soleil, avec une voirie en boucle et un seul accès au site.|1|1
320|L’idée de la SEMAPA était de sortir de la logique fonctionnaliste ou commerciale qui spécialise les lieux résidentiels, les zones de bureaux ou d’activités.|0|0
238|Sur l’île, un principe de damier permet d’alterner, avec une grande variété, bâtiments et espaces extérieurs privés ou publics, donnant à lire la profondeur de l’île par des lignes de bâti décalées.|0|1
228|Je fais en 1993, une conférence au Pavillon de l’Arsenal, Bernard Rocher, directeur de l’architecture pour la ville, et conseiller de Paris s’intéresse à mes idées.|0|0
63|Paris XIIIe, Les Hautes Formes À l’occasion d’un programme de logements pour la RIVP, première intervention vraiment « urbaine »: répartis autour d’un nouvel espace public, les immeubles forment, déjà, un îlot ouvert, traversé de vues et de lumière. (Avec Georgia Benamo, 1973-1979)|1|1
200|L’idée était que pour être moderne il faut qu’on ignore les rues.|0|0
114|L’îlot ouvert donne une expression forte de la ville comme espace public.|0|1
163|À Strasbourg, il s’agissait vraiment d’un enjeu formidable entre deux villes : réunir le Strasbourg ancien et le Neudorf, cette ville du XIXe siècle, séparés par un large couloir de 500 mètres dans lequel passent un canal et une autoroute.|1|1
43|J’ai choisi le projet, abandonnant à regret ce contrat de recherche théorique.|0|0
125|En 1988, la SEM Atlanpole organise une consultation pour un projet de technopôle sur les bords de l’Erdre, à Nantes.|1|1
10|Au même moment, les premiers écrits de Françoise Choay nous ouvraient les yeux sur le corpus doctrinal de l’urbanisme : elle faisait apparaître le débat progressisme-culturalisme dans une perspective historique.|0|0
373|J’appelle cela « l’effet nature morte »: une tabatière, une bouteille, une coupe, un journal, des choses posées sur une table...|0|0
180|« À quelles conditions Tokyo peut-elle devenir la ville du XXIe siècle ?|1|0
281|À Pékin, en ces années d’une croissance urbaine qu’aucune ville n’a jamais connue à ce rythme effréné et à cette échelle, on compte par centaines les « poches », les camps résidentiels fermés et les condominiums en chantier.|1|1
111|Nous avons connu l’éclatement physique de la ville, et ensuite l’éclatement théorique des règles urbaines.|1|1
310|Ci-contre, deux exemples de la liberté que laisse la règle du jeu de l’îlot ouvert aux architectes; immeubles conçus par Frédéric Borel (à gauche) et Beckmann N’Thepé (à droite). (1994, en cours)|0|1
213|L’Institut français d’architecture, auquel je propose de la reprendre, ne s’y intéresse pas.|0|0
113|Nous devons évidemment faire évoluer nos méthodes, nos idées des espaces urbains, sous peine de « muséographier » les centres-ville et de désespérer les périphéries.|1|0
188|On ne s’interrogeait pas sur le futur de la ville.|1|0
12|Avec Pierre Grandvaud, j’ai écrit l’article « Architecture et idéologie » de l’Encyclopedia Universalis.|0|0
165|Au lieu d’avoir peur de ce vide, je proposais de magnifier la beauté de ce face à face, de lui donner une consistance de centralité formidable, grâce à la création d’un parc et à la présence de l’eau du canal, agrandi pour l’occasion.|1|1
349|Travail avec les architectes Puis le travail pratique est poursuivi au sein d’« ateliers » travail assez fructueux de confrontation, de coordination, d’ajustement, avec les différents architectes.|0|0
389|Et c’est devenu plus difficile, car notre époque est celle du court terme.|0|0
159|L’aménagement est donc régulier, unifié par la teinte brique qui renforce la couleur et la beauté de ce site exceptionnel.|1|0
196|Or toutes les époques précédentes étaient marquées par une vision commune partagée pour faire la ville, que ce soit à l’Âge I ou à l’Âge II.|1|0
51|C’est un projet d’architecture, mais c’est aussi une intervention urbaine, puisque j’ai proposé l’acquisition d’un petit bout de terrain supplémentaire qui permettait de rendre l’îlot traversant.|1|1
312|L’imprévu peut surgir, les acteurs concernés sont nombreux, leurs intérêts contradictoires.|0|0
174|Je sépare clairement les espaces publics (rues, places) et les espaces privés (entrées, jardins).|0|1
11|À partir de 1965, j’ai participé, comme Roland Castro, Antoine Grumbach, et bien d’autres, au mouvement de contestation de l’enseignement des Beaux-Arts.|0|0
42|D’un côté, le texte, de l’autre, le visible et le physique.|0|1
15|Je me suis alors un peu éloigné de l’architecture pour peindre, lire, voyager.|0|0
93|La fin de l’époque du champ de betteraves, de la tabula rasa, marquait pour moi le signe de notre nouvelle modernité : un bouleversement complet, l’empirisme pratique d’Aristote contre la Cité Idéale de Platon.|1|0
41|Et il m’arrive cette chose curieuse : je m’aperçois que je peux travailler sur ce projet du Château d’eau ou sur la recherche, mais pas sur les deux en même temps.|1|0
133|J’installe aussi dans le site ce que nous appelions les « scarifications » : des lignes transversales qui permettaient de viabiliser et d’entretenir la campagne.|1|1
284|Ce sont d’abord la logique économique et l’efficacité opérationnelle qui engendrent ce modèle de condominium fermé.|0|0
122|On offre des vues traversant les îlots en évitant les cours intérieures génératrices de claustrophobie.|0|1
302|Par ailleurs, j’ai proposé un long parc central, rivière verte qui irrigue le site et deviendra le symbole du quartier.|1|1
267|Les nouveaux quartiers du Plateau des Capucins devront s’enchaîner avec les quartiers existants, confirmer l’ensemble.|1|1
45|[1] Corda: Comité de la recherche et du développement en architecture, créé en 1972.|0|0
311|Comme toute opération d’urbanisme, le projet Masséna se déroule dans la durée.|1|1
301|Ce tracé de rues introduit une règle pour le long terme.|1|0
360|Le hasard fait parfois bien les choses, je l’accueille, mais pas toujours.|0|0
280|Croquis à l’appui, ils se sont laissés convaincre de renoncer aux condominiums prévus pour adopter un système d’îlots ouverts maillé par de vraies rues, et des architectures variées plutôt que les traditionnelles barres et tours orientées nord-sud. (2003, en cours)|0|1
366|Il y a au contraire, à Paris-Rive-Gauche, une grande liberté donnée aux architectes, et les projets s’enchaînent bien.|0|0
209|Il est vrai qu’on voit la ville aujourd’hui insaisissable et implanifiable.|1|0
377|Ce survol de mon travail souligne bien sûr tout ce qui a trait à la ville.|0|0
34|Nous étions attirés par « l’architecture sans architectes » : néo-naturalisme de l’époque...|0|0
248|Le problème des condominiums, avant peut-être la question de la fermeture et des gardes, tient dans leur plan masse, leur absence de trames viaires, ou leur réseau intérieur des voies en impasse ou en anneaux.|0|1
137|Ici j’ai formalisé clairement une règle des îlots ouverts sur une grille « Hippodamienne » [5].|0|0
197|Cet Âge III est donc d’abord celui de la confusion et de l’éclatement.|0|0
359|Nous regardons les maquettes et les projets, nous examinons les volumes, les matériaux, évaluons les rapports de coloration et de matière.|0|0
392|Réussir un projet urbain compte bien plus que réussir une architecture, mais il faut ajouter aussitôt que cela ne peut se faire sans une certaine vivacité d’architecture.|1|0
69|Mais bien plus que par l’envie de théoriser une idée de ville, j’étais animé par l’obsession de construire, de faire réellement apparaître les choses, apprendre de la pratique.|1|1
298|À partir de ces immeubles déliés, on peut imaginer des architectures variées.|0|0
179|Ce va et vient entre architecture et urbanisme, entre sites à interpréter et sites à réinventer me plaît, m’est indispensable.|1|0
290|Leur dimension massive, en un seul bloc, leur interdit d’évoluer en souplesse.|1|0
304|Dans un même îlot, nous construisons des bâtiments très différents les uns des autres.|1|1
189|Le refus de la planification était élevé à la dignité de concept.|0|0
387|Je vois l’urbanisme comme le résultat d’une lutte entre deux énergies, deux courants : d’un côté, l’expression désordonnée, anarchique, vivante des besoins et des désirs, des pressions individuelles ; de l’autre, la nécessité de règles pour vivre ensemble, l’action publique ordonnatrice qui défend l’intérêt collectif en garantissant, mais aussi en limitant, les droits individuels.|0|1
182|En matière d’urbanisme, on voyait partout un retour à la ville classique, régressif selon moi.|1|0
240|À Deventer en Hollande, le long d’un canal, il s’agit de créer un quartier linéaire de logements, et à Grenoble, près du nouveau Palais de Justice, je résous la géométrie d’un site en trapèze par deux îlots ouverts de logements sociaux.|1|1
258|L’enjeu est de dégager des idées fortes pour cet immense site, et d’entraîner les architectes brésiliens à cette activité un peu surréaliste là-bas : l’urbanisme.|0|1
168|En 1990, je travaille sur un îlot du XIII e arrondissement que Michel Lombardini, le président de la Régie immobilière de la Ville de Paris, me demande de transformer, tout près des Hautes Formes et de la rue du Château des Rentiers, où j’avais déjà affronté deux situations urbaines très différentes.|1|1
35|Pourtant, depuis mon séjour à New York, et mon travail sur les rêves des habitants, je pensais qu’il s’agissait d’une impasse, qu’il fallait se poser la question de la perception.|0|0
212|Tous ces projets donnent lieu à une exposition à Tokyo, « Urban situations » en 1991.|0|0
351|Mais le risque est encadré par le système de l’îlot ouvert, l’ « esthétique » collective de la rue.|0|0
220|Leur implantation épouse la topographie du territoire de campagne, de ses chemins, de ses champs, pour le densifier ponctuellement en le préservant.|1|1
391|Réussir l’urbanisme d’un morceau de ville paraît l’enjeu le moins maîtrisable, l’ambition la moins naturelle qui soit.|0|0
100|[4] Port de la Lune: appel d’idées lancé par la ville de Bordeaux sous le mandat de Jacques Chaban-Delmas pour l’aménagement des quais de la Garonne|0|1
321|Imaginer un quartier diversifié fut l’un des points de départ de ma réflexion pour la règle du jeu que j’ai imaginée.|1|0
315|À Masséna, il s’agit d’une rue repensée.|1|1
75|Par exemple, j’ai construit à cette époque un foyer de personnes âgées sur une parcelle curieuse, entre deux pignons modernes non alignés, qui donne à la rue du Château des Rentiers (1982, Paris XIIIe) une nouvelle lisibilité.|1|1
71|J’ai participé alors à de nombreux concours, à Paris où ailleurs, dans lesquels j’ouvrais des îlots irréguliers, impossibles, dans les laissés pour compte de la ville classique ou de la « rénovation » planifiée.|1|1
206|On a généralement cru que je prétendais brandir, avec cette notion de l’Âge III, un modèle universel.|0|0
192|Deux âges, deux modes de pensée que tout opposait, qui avaient structuré notre monde, toutes nos villes, mais qui ne pouvaient plus organiser nos projets actuels.|1|0
218|Au lieu d’ajouter encore aux routes existantes et de couvrir ici la campagne, j’ai donc proposé des « îles bâties » sur des socles de parkings.|1|1
334|Très vite, la SEMAPA m’a demandé de réétudier le plan sur la base d’opérations de 40 à 50 logements.|1|1
269|La méthode procède par acquisition progressive, à partir de la trame viaire et parcellaire existante sur la majeure partie du plateau.|0|1
123|Chaque logement dispose de trois orientations et de nombreuses vues, proches et lointaines.|0|0
158|Le long du Canal, nous cherchons l’unité, une certaine régularité aussi.|0|0
382|Je ne fais pas de distinction nette entre ce qui serait architecture et ce qui est urbanisme.|0|0
271|Les Batignolles, Paris (2003) Ce grand territoire du nord de Paris, qui appartient à la SNCF et à R FF (Réseau ferré de France) ou à leurs filiales ou ex-filiales, représente une surface totale de 40 à 50 hectares.|0|1
124|S’il n’y a qu’un programme dans l’îlot, la liberté est grande. S’il y en a plusieurs, on fait des « fiches » d’îlots, qui proposent aux architectes des volumes-enveloppes virtuels, plus grands que les volumes constructibles, à l’intérieur desquels ils installent leurs bâtiments|1|1
307|L’idée de rendre ces rues commerciales dès que possible à été retenue...|0|1
29|Ne se laisse pas comprendre à travers les catégories du langage.|0|0
327|La démarche volumétrique permet cette densité, en donnant à chaque appartement ou bureau beaucoup de lumière et de vues : souvent, il y a trois orientations pour un logement.|0|1
345|La méthode des îlots ouverts s’est montrée très souple pour ces divers programmes.|0|0
76|En 1981 je me souviens d’un jury de quatre jours pour la Lutzow Platz à Berlin, où je me suis opposé au point de vue de l’IBA [3] et au retour de la ville classique d’îlots fermés, qui était leur dogme, défendant les rares projets qui ouvraient ce grand îlot vert et en habitaient l’intérieur avec des immeubles autonomes et des espaces publics.|1|1
251|Ces voiries en boucle sont fermées à l’évolution.|1|1
275|Notre projet vise à apporter la continuité urbaine dont le XVIIe arrondissement a ici un besoin crucial, en créant un grand parc « tentaculaire » qui va chercher la vie urbaine où elle est.|1|1
102|En 1978, lors du projet jamais rendu au concours de Cergy-Pontoise, j’avais encore un plan masse constitué d’îlots ouverts.|0|0
355|Ceux-ci, il est vrai sont inégalement talentueux, et la disparité des architectures angoisse tout urbaniste.|0|0
370|C’est l’enjeu majeur de l’urbanisme de demain: dans l’immense diversité, intégrer le médiocre, l’ordinaire, voire le laid.|1|0
332|Dans le projet initial, l’opération devait être réalisée îlot par îlot, chaque îlot accueillant une seule opération de 150 à 250 logements.|1|1
46|[2] Pan: Programme architecture nouvelle, concours destiné à encourager la commande aux jeunes architectes, créé en 1973.|0|0
328|Les immeubles, conçus et réalisés par divers architectes et maîtres d’ouvrage, peuvent adopter des volumes et des expressions architecturales assez variés, car l’alignement sur rue, dont la perception est renforcée par les proportions verticales, suffit à intégrer cette diversité.|1|1
23|Chacun analysait des entretiens, des « rêves éveillés », menés en grand nombre auprès des habitants.|0|0
371|Et des bâtiments que l’on trouverait ailleurs « pas extraordinaires », voire que l’on n’apprécierait guère, entrent ici dans le concert de la ville.|1|0
217|En réponse à l’augmentation toujours croissante des logements dans les périphéries des villes, et en particulier à Montpellier, nous devons inventer des solutions nouvelles.|1|1
161|Il est considéré comme un élément structurant de première importance, un élément constitutif du patrimoine urbain.|0|0
6|J’avais alors une vision très manichéenne : d’un côté Le Corbusier dont j’avais visité tout ce que j’avais pu, de l’autre le Classicisme et l’Académisme.|0|0
210|On fait par morceaux.|1|0
85|Ce furent les concours pour Atlanpole à Nantes, puis de Strasbourg, Metz, Aix-en-Provence, ou des commandes à Toulouse et Montpellier...|0|1
16|J’ai fait un long séjour à New York en 1966 qui m’a marqué.|0|0
329|Et dans la variété, voire le contraste de matières, de hauteurs entre immeubles, nous visons une esthétique urbaine vivante, neuve, aérée et intime aussi, n’imposant aucune une homogénéisation.|0|1
105|Je donne une règle du jeu qui permet à une grande variété de volumes et d’implantations de « travailler » ensemble.|0|1
127|– sur un immense site de campagne long de quatre kilomètres.|0|0
254|La ville de Santo Andre est située à la périphérie sud de Sao Paulo.|0|0
393|Il faut que des bâtiments « ordinaires » trouvent bien leur place.|0|0
291|Autrement dit, si l’on a souvent dénoncé la rigidité des zonings de la planification urbaine européenne, on voit aujourd’hui, sous une inspiration libérale et sans plan d’urbanisme, se fabriquer des grands ensembles encore bien plus rigides.|1|1
8|Après deux années fertiles passées à dessiner la villa Farnèse à Caprarola, la chapelle de Ronchamp ou le temple indien de Chidambaran, j’ai rejoint l’Atelier de Georges Candilis et Alexis Josic.|0|0
342|Et que se passe-t-il si on achète un bâtiment pour le démolir, demande-t-on ?|1|1
344|Tous ces projets urbains progressent dans une démarche interactive entre habitants et élus, services d’urbanisme de la ville, investisseurs ou promoteurs, services municipaux et nationaux qui construisent les écoles ou les universités.|1|1
337|Cette pré-définition volumétrique donna lieu au document appelé fiche de lot.|0|0
70|Oublier ces années de théorie et d’écriture sophistiquées, pour apprendre à partir de la pratique concrète.|0|0
230|Au moment où la Ville de Nantes est en train d’abandonner l’idée d’Atlanpole, je propose de reprendre dans le secteur Masséna, et dans un tout autre contexte de programme et de site, cette grille de rues et d’îlots.|1|1
90|Cette disparité extraordinaire des lieux légués par la géographie et par l’histoire m’a conduit à m’interroger sur ce retour du contingent, du cas particulier, après toute une évolution historique qui a conduit au contraire, dans l’époque précédente, à l’idée de l’universel, du type, de la série, à l’abolition des cas particuliers.|0|0
319|Cette manière de constituer la rue à partir d’une grande variété de bâtiments pour les faire vivre ensemble, à laquelle je travaillais depuis Les Hautes Formes et Atlanpole, a rencontré ici la volonté de mixité formulée par le maître d’ouvrage, la SEMAPA.|1|1
154|Il s’agissait de construire un quartier contemporain dans la continuité de l’espace public des quartiers anciens.|1|1
292|L’important est que la ville soit ouverte aux modifications, qu’elle puisse accueillir un futur inconnu.|1|0
353|Sur un même terrain, les résultats des consultations sont très différents.|0|0
146|À Aix, la lecture des grandes unités historiques de la ville montre que l’on peut déployer, de l’autre côté de la Place de la Rotonde, un prolongement du Cours Mirabeau aboutissant à un parc aquatique et à un front bâti d’îlots de logements.|1|1
82|Et sans ce concept d’ouverture, il aurait été impossible de faire vivre ensemble les quelques deux milles personnes qui travaillent au Conservatoire, véritable petite ville en soi. Pendant toute cette période, j’ai continué mes gammes sur ce thème urbain sans en prendre véritablement conscience|1|1
247|C’est pourquoi, il est si important de repenser la question de la rue et de l’îlot, des plans en grille, contre les plans en boucle ou en arbre.|1|0
129|C’est un archipel de ce que j’appelle les « Mont-Saint-Michel », avec leurs fronts bâtis tournés vers la nature.|0|0
263|Dans la ville de New York, les quatre parcelles de Con Edison situées sur la Première Avenue, au bord de l’East River, constituent le site non développé le plus important de l’île de Manhattan.|1|1
386|: il y a de « l’autre », de l’inconnu, de l’aléatoire...|0|0
381|Qu’il s’agisse des « Champs libres » à Rennes ou de la Cité Judiciaire de Grasse, le projet part toujours d’une lecture de la ville et du territoire, et contribue à les interpréter et les transformer.|1|1
201|Donc, dans ce quartier, pendant une période précise, aucun bâtiment n’a été mis à l’alignement des rues.|1|1
305|Ils sont principalement résidentiels, mais nous essayons d’y joindre des fonctions variées : bureaux, commerces, équipements publics parfois.|0|1
272|Si Paris est retenu pour les Jeux Olympiques de 2012, alors l’urbanisation devra se faire ici d’un seul coup, très vite, beaucoup plus vite qu’à Paris-Rive-Gauche.|1|1
172|Cette installation a été faite selon deux directions à angle droit afin que toute implantation soit bien indépendante du tracé historique irrégulier des rues rasées.|1|1
58|Ils s’étaient intéressés à la notion de quartier, ou de groupes – les clusters – pour remettre en question l’unité des immeubles.|1|0
222|Les îles sont divisées en deux ou trois « parties », avec pour chacune un promoteur différent et plusieurs équipes d’architectes.|0|0
193|En parlant d’Âge III, j’ai donc d’abord voulu crier que nous sommes dans un temps nouveau, qu’il n’y a pas un retour à l’Âge I ou II qu’il n’y a pas de régression possible.|0|1
376|Rio-de-Janeiro (Brésil), Cité de la Musique Entre mer et montagne, la Cidade de Musica (salle philharmonique, école de musique, salles de répétition, médiathèque, salles de cinéma...) flotte au-dessus d’un jardin tropical: un signal fort, fait pour être vu de loin, pour rassembler la ville. (2002-2007)|0|1
239|Cette trame offre un outil assez souple pour une programmation évolutive dans le temps, gardant l’image de l’unité de l’île comme référence poétique pour le projet d’ensemble Je réponds en 1999 à des commandes d’études sur des sites à une toute autre échelle, comme au Brésil, à Santo Andre dans la banlieue de Sao Paulo, ou à New York, sur le site de Con Edison, ou encore au Japon, pour la Marinoa City de Fukuoka.|1|1
374|chaque objet est en soi banal, mais seul compte le rapport entre eux, l’espace, la lumière, les contrastes ou les associations de couleurs.|0|0
152|C’est aussi un projet urbain, puisqu’il est à une échelle où je ne pouvais pas concevoir tous les bâtiments.|1|1
325|Avec les îlots ouverts, qui sont ici assez petits, je propose des rues plus étroites, mais lumineuses grâce à l’ouverture de vues entre les bâtiments sur l’intérieur des îlots et leurs plantations.|1|1
38|En 1971, je propose à la ville nouvelle le projet du Château d’eau.|1|1
303|Nous démultiplions ainsi les situations de bord du parc et les qualités des logements dans la ville.|0|1
286|Lorsque je propose un quartier avec des rues, de multiples entrées, une mixité, des commerces, les promoteurs me répondent : « C’est intéressant.|0|0
97|Ailleurs, il faut transformer la ville à partir de ses potentiels très forts.|1|1
19|L’idée même d’architecture ou d’urbanisme me semblait académique, ou autoritaire, dépassée.|0|0
40|Dans le droit fil de mon thème de recherche Corda, j’ai l’idée d’y placer un grand objet : une unité signifiante, un repère physique dans une ville qui va se constituer.|1|1
234|Du même coup, la rue est lumineuse alors qu’elle est étroite, et elle a vue sur le jardin entre chaque immeuble.|0|1
177|À cette époque, j’ai construit le musée Bourdelle, la tour de Lille, les logements de Fukuoka, au Japon.|1|1
117|Pourtant la rue les assemble, par des pans de façades alignées.|0|1
214|Et les occasions manquées, en urbanisme, sont souvent plus graves que les crises économiques : ce sont des crises installées pour toujours.|0|0
276|C’est en fait un parc en damier, qui assure bien les continuités spatiales Est-Ouest et Nord-Sud, et qui est « planté » de plusieurs îles résidentielles qui sont des quartiers d’îlots au cœur ou en bordure du parc.|1|1
352|Bien plus qu’un urbanisme de restrictions et d’interdits, il donne des capacités d’ouverture.|0|0
62|Paris XIe, La Roquette Après le Château d’eau, objet-centre, c’est l’autre projet fondateur: un retournement de point de vue, qui fait de l’espace, du vide, une forme dans la ville. (Concours, 1974|0|1
187|Mais on ne voyait nulle part une volonté de répondre à la réalité présente de la ville, hybride, contradictoire ou éclatée, passant d’une époque à l’autre.|0|0
44|En 1974, le Château d’eau étant construit, je réponds à un concours pour l’îlot de La Roquette à Paris, et dépose le projet au concours du Pan [2], dont je suis lauréat. Ceci me vaut d’être invité par la RIVP (Régie immobilière de la ville de Paris) à un concours dans le XIII e arrondissement, en un lieu auquel je redonnerai son nom d’origine, relevé sur un ancien plan : les Hautes Formes|1|1
372|Les volumes réagissant les uns par rapport aux autres, c’est le tout qui compte, mais il faut quelques beaux bâtiments.|0|1
74|Ils étaient, au choix, des exercices sur « l’architecture dans la ville », ou sur « faire la ville avec l’architecture ».|1|0
103|En 1988, j’ai imaginé l’îlot ouvert comme un système permettant d’accueillir l’aléatoire, l’inconnu, et de s’ouvrir à la diversité programmatique, volumétrique et architecturale.|0|1
9|Là, au travers de la question de l’explosion urbaine et de l’industrialisation du bâtiment du « très grand nombre », on parlait de la ville de demain : une ville à refaire de fond en comble à partir de rien.|1|1
361|Les architectes modifient un peu leurs choix initiaux, s’il le faut, car ils sont intéressés par ce travail de mise en relation.|0|0
61|Je pensais alors que l’on allait au contraire rencontrer de plus en plus, et partout, des sites complexes, des espaces mi-urbains, mi-îlots irréguliers où ne s’appliqueraient ni la notion de l’immeuble entre mitoyens ni le concept de l’immeuble-objet autonome de la théorie moderne.|0|1
136|Pour la première fois, je mets en place les îlots ouverts auxquels je pensais depuis Cergy.|1|1
14|Le cinéma de Godard et Antonioni montrait la ville d’une manière plus réelle, cette hybride, ancienne et moderne qui était notre quotidien.|0|0
48|Voir le vide et non simplement l’objet, le plein, c’est un retournement de point de vue.|0|0
257|Sans doute pour conjurer cette tendance des propriétaires industriels à vendre « en gros » leur territoire, la municipalité de Santo Andre avait organisé en 1999 une consultation, sur le conseil de Jordi Borja, géographe urbaniste, ancien adjoint au maire de Barcelone.|0|1
340|Dans les nouveaux îlots, le long des bâtiments universitaires, on voit cette liberté volumétrique à l’œuvre.|1|1
77|Puis j’ai participé à de grands concours, comme celui de l’Opéra de la Bastille, où je pose la question de la place de la Bastille et de sa lisibilité et, dans un tout autre contexte, ceux de l’École de Danse au bord du parc de Nanterre, de la Cité de la Musique à l’entrée du Parc de La Villette.|0|1
151|C’est un projet d’architecture à l’échelle d’un quartier, au programme pluriel, où chaque opérateur était présent dès le début.|1|1
184|Il y avait parfois une volonté de recopier le passé, parfois de la prudence simplement.|1|0
223|Nous construisons actuellement une partie d’île divisée en deux, en coordination avec des architectes Montpelliérains.|1|1
233|L’implantation du bâti est en quinconce, afin que chacun dispose de vues sur le jardin.|1|1
112|Pour la première fois dans l’histoire, il n’y a plus de doctrine partagée, de prose commune pour faire la ville.|1|0
308|Paris XIIIe, quartier Masséna Dans la ZAC Paris-Rive-Gauche, l’un des projets-phares de l’urbanisme parisien.|0|1
79|La démarche de projet fonctionne dans l’échange entre le programme et l’espace du site, de l’extérieur vers l’intérieur et vice-versa.|0|1
219|Elles entretiennent un rapport franc avec le paysage environnant dont chacun profite ainsi.|0|0
364|À la porte d’Asnières, où le projet est beaucoup plus fixé, les architectes ont eu beaucoup moins de liberté volumétrique.|0|0
324|La ville à îlots fermés conduit aussi à systématiser des largeurs de rues au-dessus de 20 mètres, pour assurer les prospects, et à bâtir des immeubles mitoyens, dont les architectes ne s’exercent qu’au jeu des façades sur rue.|1|1
83|Curieusement, après cette période de création architecturale intense, j’ai eu, à partir de 1988, une série de commandes de projets urbains.|1|1
313|Un tel projet doit embrasser beaucoup de possibles, mais il faut que les intentions initiales tiennent jusqu’à la fin.|0|0
235|Le site était si contraint que j’ai dû définir la volumétrie générale en amont pour tenir la surface totale, et les architectes ont inscrit leur projet dans ces enveloppes.|1|1
126|Il s’agit d’accueillir quantité de programmes distincts – habitat, recherche, industrie...|1|1
343|Réponse : on a des droits à reconstruire, comme partout, mais moins figés, et avec des jours dans plusieurs directions.|0|1
31|Je voulais m’intéresser ainsi à ce que l’on perçoit d’une ville, à ce qui en fait la forme, à « l’effet de présence » propre à l’architecture, par opposition à l’effet de sens, à l’idée sémiotique.|0|1
115|Il assemble la pluralité des individus, les bâtiments hétérogènes et singuliers.|0|1
331|Îlot Zeil, Francfort (Allemagne) Au centre de Francfort, une rue droite et lumineuse traverse ce grand îlot compact, permettant d’intégrer à la vie urbaine les deux centres commerciaux, l’hôtel, et les tours de bureaux demandés par le programme. (2002, concours, non retenu)|0|1
99|Bordeaux, Port de la Lune Sur les 4 kilomètres des quais de Garonne, l’une des premières approches de la grande dimension urbaine, ici linéaire et ponctuée d’objets signifiants: une réflexion sur la présence de l’architecture dans la ville. (Concours d’idées, 1989)|0|1
378|À vrai dire, il devrait s’accompagner des séries de projets bâtis en parallèle, dont il est rare qu’ils n’aient pas eux-mêmes influencé ce regard urbain, ou n’aient été influencés par cette façon de voir la ville.|1|1
5|En 1962, à dix-huit ans, je suis entré à l’École des Beaux-Arts et, un peu par hasard, à l’Atelier d’Eugène Beaudouin.|0|0
199|Je voyais une ville hybride, car le projet Moderne s’est arrêté avant de conquérir tout l’espace, et il avait transigé avec sa pureté.|1|1
89|J’ai pu ainsi tester la fécondité du concept d’îlot ouvert au travers de situations incroyablement variées.|0|0
130|Quatre grandes îles sont définies.|1|0
289|Qu’adviendra-t-il alors de ces territoires quand le niveau économique de leurs habitants changera ?|0|0
56|L’immeuble classique aligné sur rue était-il encore légitime, alors qu’en bien des lieux, l’idée même de rue était devenue impossible ?|0|0
348|Parfois les architectes sont amenés par les promoteurs mais souvent ils sont choisis lors de consultations publiques ou privées auxquelles je participe comme membre du jury.|0|0
32|Il y avait un courant chez Candilis, qui, au nom de la liberté des habitants, voulait en finir avec « la forme » jugée arbitraire.|0|0
306|Nous évitons la répétition obsessionnelle qui caractérise souvent les périphéries dès qu’il s’agit de loger en grand nombre.|1|0
294|Nous préparons actuellement les « permis de construire » des deux premiers îlots alors que d’autres architectes interviendront ensuite.|1|1
195|Il est marqué par des opérations aussi différentes qu’Euralille, l’évolution de la Part-Dieu à Lyon, des villes nouvelles autour de Paris, ou bien encore Montpellier : autrement dit, il faut constater que pour la première fois dans l’histoire, notre époque n’a plus de doctrine unifiée, de prose donnée pour faire la ville.|1|1
323|Avec ces îlots ouverts, les immeubles ne sont pas accolés en une seule masse, comme les îlots traditionnels qui alignent des façades continues et génèrent des cours intérieures fermées.|1|1
255|Elle est coupée de friches industrielles d’usines automobiles et de minoteries qui, sur quatre kilomètres, formaient un couloir d’activités le long d’une ville tramée et vivante.|0|1
91|Toutes les théories du XXe siècle représentaient, dans la pensée et dans le faire, l’apogée de l’universalisme comme finalité de l’histoire.|0|0
140|Nous avons fait des simulations en volumes de l’installation de chacun de ces programmes dans la règle de l’îlot ouvert.|1|1
266|Il s’agit de tirer les leçons de l’histoire de l’urbanisation lente des bocages périphériques devenus ville pour imaginer un processus d’urbanisation plus rapide.|1|1
88|Ce qui m’est apparu passionnant alors, c’est la perception que chaque cas est unique : nouveau film, nouvelle prise de position, nouveau scénario pour vivre mieux.|0|0
26|Au même moment, la notion de sémiologie envahissait toutes les disciplines.|0|0
346|Le plan a changé constamment en dix ans, avec les mouvements des programmes.|0|1
383|Ce n’est pas l’échelle qui distingue l’urbanisme de l’architecture, mais le dialogue avec l’autre, le partage, à plusieurs, d’une règle du jeu.|0|0
110|Notre temps nous montre que cette permanence n’existe plus.|1|0
162|Ce projet, voulu et commandé par des promoteurs privés à la suite du projet Sextius Mirabeau d’Aix-en-Provence, a donné lieu à d’importantes études pour un plan d’urbanisme qui fût ensuite discuté avec la municipalité. Nous les avons poursuivies pendant quelques années avant de buter, là aussi, sur la crise économique|1|1
109|Et qu’elle aurait des formes immuables.|1|0
49|Avec les Hautes Formes, ma préoccupation est : comment une architecture contemporaine peut traiter la ville existante, la transformer et non plus l’éradiquer, et s’y substituer.|1|1
369|L’intéressant est que ces architectures variées n’ont pas été choisies au sein d’un petit groupe qui suivrait mon écriture, mon style et mon goût.|0|0
147|Cette « lecture » associant la modernité et l’histoire paraît évidente pour la ville.|0|0
160|Le traitement paysager des espaces publics appuie la cohérence du paysage urbain, et le rend clairement lisible.|1|1
52|Dans ce projet, l’architecture construit la ville.|1|1
244|Tout ce qui a ainsi une entrée gardée, un plan de voirie arborescent ou en boucle à l’intérieur d’un périmètre clos, se met à l’écart du réseau universel que sont les voies publiques.|0|1
260|Là, il faut que l’espace public passe, continue, traverse.|1|1
225|En 1993, à Bréda, aux Pays-Bas, Rem Koolhaas réunit un petit groupe pour une étude urbaine sur la zone de Chasse Terrain, qui sera retenue après un an de jury public.|0|1
357|À mon sens, réside justement là l’un des problèmes de la ville de demain : de la disparité, faire un tout ; marier des singularités qui sont parfois contradictoires, ou du moins très différentes.|1|0
363|Il est arrivé parfois que les choses soient beaucoup plus difficiles avec certains promoteurs, jaloux de leur indépendance et n’aimant pas l’idée même de ces ateliers de concertation.|0|0
155|Nous installons alors deux échelles de travail, deux modes de perception du quartier : l’une traversante (des allées plantées) l’autre locale (des îlots construits).|0|1
86|Tous des projets à grande échelle, tantôt situés dans la ville intra-muros, comme à Metz ou à Aix, tantôt dans des périphéries, comme à Montpellier, ou bien encore entre deux villes comme à Strasbourg-Neudorf.|1|1
36|Au même moment, j’ai commencé à travailler, avec Antoine Grumbach, sur les espaces publics de la « liaison organique » que concevait Michel Macary à Marne la Vallée.|0|0
202|Mais les rues sont restées.|1|0
181|C’est en 1989, je crois, lors d’une conférence au Japon, que j’ai formulé pour la première fois la périodisation des Âges de la ville, reprise ensuite souvent et notamment à Lyon lors d’un congrès de la Fédération des agences d’urbanisme.|0|1
54|Cette notion de transformation urbaine à partir des vides habités me conduit à une recherche sur l’îlot.|1|0
132|Cette grande échelle de perception, que je trouve importante, manque presque toujours dans les périphéries.|0|0
203|On a ces espaces laissés pour compte et ces îlots étranges.|1|0
385|Dans l’urbanisme, on ne le maîtrise qu’à cinquante pour cent peut être...|0|0
169|Une troisième situation se présente ici : la transformation-réhabilitation des grandes barres de logements de la rue Nationale.|1|1
144|Le projet d’Atlanpole n’aura pas de suite pour causes de crise de l’immobilier et de mutations politiques.|0|0
194|Ce temps III est un chantier sur lequel on doit réfléchir.|0|0
330|La rue est le lien qui assemble toute la diversité des éléments.|0|0
81|Les deux grands îlots de la Cité de la Musique à La Villette sont des îlots très idiosyncrasiques, « artistiques », liés à un programme très spécifique, mais ce sont des îlots ouverts.|0|1
205|Réinventer à partir de là, c’est entrer physiquement dans une troisième phase de la ville.|0|1
120|C’est l’interruption du bâti, de 30 à 50 % qui crée l’ouverture visuelle de l’îlot.|0|1
3|Naïvement, j’y voyais une peinture ou une sculpture que l’on pourrait parcourir, où l’on pourrait vivre, et qui aurait la dimension d’un grand paysage.|0|0
226|Je proposais des îlots ouverts dans le plan libre que nous avions adopté pour border ce centre-ville ancien.|0|1
250|Pour moi, le durable c’est le transformable, le réversible.|1|1
143|Les ouvertures obligatoires de l’îlot permettraient de régler au mieux les prospects sur rue de chaque programme en leur donnant dégagement et lumière.|0|1
356|Je prends, au contraire, le risque de la considérer comme une vertu.|0|0
167|C’était une sorte d’Île de la Cité institutionnelle, au cœur d’un parc traversé par le tramway, visible depuis les deux rives, les liant ainsi, non pas en les suturant, mais en leur donnant chacune à se voir mutuellement, des deux côtés de la ville.|1|1
268|C’est une proposition de ville-campagne, un damier d’îlots ouverts alternant avec des rectangles de campagne interpénétrables en squares, jeux, équipements, bosquets, etc.|0|1
198|Quand je prenais en exemple ce plan du XIIIe arrondissement, je voyais les deux villes de concept irréductiblement opposé qui se juxtaposaient, se croisaient.|0|0
232|À la Porte d’Asnières, les bâtiments forment deux couronnes bâties autour d’un jardin public central vu comme une oasis de calme.|1|1
95|À partir des propositions de l’existant, il s’agit donc de bâtir des sortes de scénarios de films à réaliser à plusieurs, accordant espace et bâti.|0|1
296|Ce travail de ruse volumétrique avec la règle du soleil est intéressant.|0|0
65|C’est-à-dire : reprendre l’ouverture à la lumière, au ciel et à la vue que propose l’immeuble autonome de la théorie moderne, mais faire cela avec une densité urbaine, une mixité entre habitat, activités, commerces.|0|1
2|Dans un livre de Jean Petit, les dessins de Le Corbusier pour Chandigarh m’étaient apparus rassembler tout cela.|0|0
55|J’avais la conviction que, pour agir sur la question urbaine, il fallait revenir à cette dimension intermédiaire entre le quartier et l’immeuble : à partir de quelle unité signifiante pouvait-on raisonner au-delà du logement, et autrement qu’en termes d’accumulations ?|1|1
256|Le danger qui guette, ici, serait d’aboutir à la privatisation d’immenses morceaux de ville : parcs « à thème », pour le commerce ou le loisir, condominiums d’habitat privé ou de bureaux, autant de grandes « poches » closes barrant le territoire urbain.|1|1
